Регион,Период,Несовершеннолетние,Ранее_судимые,В_состоянии_опьянения,Иностранцы_и_СНГ
Белгородская область,012021,1007,0,4,2
Брянская область,012021,1086,0,20,4
Владимирская область,012021,1112,0,13,0
Воронежская область,012021,2198,0,11,0
Ивановская область,012021,877,0,4,0
Калужская область,012021,1122,0,17,0
Костромская область,012021,630,0,0,0
Курская область,012021,1078,0,17,2
г. Москва,012021,9860,33,3,3
Московская область,012021,5577,0,8,0
Липецкая область,012021,887,0,4,0
Орловская область,012021,541,0,1,0
Рязанская область,012021,706,0,10,1
Смоленская область,012021,1019,0,6,2
Тамбовская область,012021,1160,1,5,0
Тверская область,012021,1402,0,7,1
Тульская область,012021,1189,2,5,2
Ярославская область,012021,942,1,1,0
Архангельская область,012021,1117,0,5,0
Ненецкий автономный округ,012021,46,0,2,0
г. Санкт-Петербург,012021,3979,6,5,5
Ленинградская область,012021,1734,0,4,3
Вологодская область,012021,1185,0,7,0
Калининградская область,012021,799,0,10,0
Мурманская область,012021,723,1,6,2
Новгородская  область,012021,570,0,16,0
Псковская область,012021,614,0,7,0
Республика Карелия,012021,966,1,6,0
Республика Коми,012021,978,0,14,0
Кабардино-Балкарская Республика,012021,545,0,2,0
Карачаево-Черкесская Республика,012021,225,0,5,0
Республика Дагестан,012021,1112,0,16,3
Республика Ингушетия,012021,124,0,1,1
Республика Северная Осетия – Алания,012021,626,0,28,0
Ставропольский край,012021,2539,0,3,3
Чеченская Республика,012021,233,1,3,0
Астраханская область,012021,994,0,6,0
Волгоградская область,012021,2553,3,25,0
г. Севастополь,012021,364,0,5,0
Ростовская область,012021,4173,0,30,2
Краснодарский край,012021,5725,0,55,1
Республика Адыгея,012021,377,0,0,0
Республика Калмыкия,012021,197,0,1,0
Республика Крым,012021,1514,0,19,1
Кировская область,012021,1325,5,4,0
Нижегородская область,012021,3212,9,6,1
Оренбургская область,012021,2087,0,20,0
Пензенская область,012021,934,0,10,0
Пермский край,012021,2862,7,27,0
Республика Татарстан,012021,4275,2,15,2
Республика Башкортостан,012021,3993,4,22,1
Республика Марий Эл,012021,451,1,27,0
Республика Мордовия,012021,651,4,15,0
Самарская область,012021,3166,62,19,0
Саратовская область,012021,2296,30,2,0
Удмуртская Республика,012021,1968,5,5,4
Ульяновская область,012021,835,5,1,1
Чувашская Республика,012021,861,1,8,0
Курганская область,012021,934,2,18,0
Свердловская область,012021,3929,1,22,3
Тюменская область,012021,1559,2,8,0
Ханты-Мансийский автономный округ –  Югра,012021,1266,2,6,0
Ямало-Ненецкий автономный округ,012021,543,0,4,0
Челябинская область,012021,3600,12,29,0
Алтайский край,012021,2789,5,17,0
Иркутская область,012021,2312,1,5,0
Кемеровская область – Кузбасс,012021,3232,0,15,2
Красноярский край,012021,3114,6,20,0
Новосибирская область,012021,3024,17,25,3
Омская область,012021,1616,1,7,6
Республика Алтай,012021,388,0,1,0
Республика Тыва,012021,502,1,4,0
Республика Хакасия,012021,785,1,1,0
Томская область,012021,1023,0,7,1
Амурская область,012021,1240,4,28,0
Еврейская автономная область,012021,181,0,4,0
Забайкальский край,012021,1443,2,20,0
Камчатский край,012021,493,5,12,0
Магаданская область,012021,161,0,33,0
Приморский край,012021,1945,13,31,6
Республика Бурятия,012021,1312,16,7,1
Республика Саха (Якутия),012021,881,0,0,0
Сахалинская область,012021,596,2,7,0
Хабаровский край,012021,1363,0,14,0
Чукотский автономный округ,012021,44,0,7,0
Транспорт России,012021,2888,0,42,117
УТ МВД по Южному ФО,012021,160,0,2,4
УТ МВД по Уральскому ФО,012021,348,0,5,20
УТ МВД по Центральному ФО,012021,423,0,4,37
УТ МВД по Приволжскому ФО,012021,445,0,4,13
УТ МВД по Сибирскому ФО,012021,270,0,2,5
УТ МВД по Северо-Западному ФО,012021,371,0,8,21
УТ МВД по Дальневосточному ФО,012021,309,0,7,6
УТ МВД по Северо-Кавказскому ФО,012021,247,0,8,7
Белгородская область,012022,1084,0,13,0
Брянская область,012022,1181,1,6,5
Владимирская область,012022,1116,2,5,0
Воронежская область,012022,2298,1,9,2
Ивановская область,012022,834,0,6,0
Калужская область,012022,1076,1,11,0
Костромская область,012022,560,0,2,0
Курская область,012022,1127,0,10,2
г. Москва,012022,10298,13,4,3
Московская область,012022,5484,4,9,1
Липецкая область,012022,819,0,5,0
Орловская область,012022,586,1,3,0
Рязанская область,012022,680,0,7,0
Смоленская область,012022,1004,1,6,1
Тамбовская область,012022,1120,1,6,0
Тверская область,012022,1402,0,6,0
Тульская область,012022,1002,1,4,1
Ярославская область,012022,957,2,1,2
Архангельская область,012022,1076,0,33,0
Ненецкий автономный округ,012022,39,0,1,0
г. Санкт-Петербург,012022,4585,24,5,6
Ленинградская область,012022,1734,2,5,2
Вологодская область,012022,1246,0,4,0
Калининградская область,012022,874,0,12,2
Мурманская область,012022,832,0,22,0
Новгородская  область,012022,607,2,8,0
Псковская область,012022,598,2,12,0
Республика Карелия,012022,910,2,4,0
Республика Коми,012022,1085,5,8,0
Кабардино-Балкарская Республика,012022,491,0,2,0
Карачаево-Черкесская Республика,012022,323,0,5,0
Республика Дагестан,012022,1204,0,13,2
Республика Ингушетия,012022,136,0,1,0
Республика Северная Осетия – Алания,012022,616,0,23,0
Ставропольский край,012022,2560,0,5,1
Чеченская Республика,012022,123,0,2,1
Астраханская область,012022,922,0,8,0
Волгоградская область,012022,2876,4,9,0
г. Севастополь,012022,477,0,5,0
Ростовская область,012022,4082,0,23,0
Краснодарский край,012022,5875,2,33,2
Республика Адыгея,012022,437,0,6,0
Республика Калмыкия,012022,218,0,2,0
Республика Крым,012022,1452,0,21,1
Кировская область,012022,1192,14,10,0
Нижегородская область,012022,2927,9,7,0
Оренбургская область,012022,1725,2,45,1
Пензенская область,012022,966,2,9,0
Пермский край,012022,2762,7,3,1
Республика Татарстан,012022,3926,0,6,2
Республика Башкортостан,012022,3610,15,10,1
Республика Марий Эл,012022,504,0,3,0
Республика Мордовия,012022,622,0,5,0
Самарская область,012022,3513,59,11,3
Саратовская область,012022,2196,2,10,0
Удмуртская Республика,012022,1821,1,7,0
Ульяновская область,012022,801,4,2,0
Чувашская Республика,012022,893,0,1,0
Курганская область,012022,1009,0,25,0
Свердловская область,012022,3914,2,13,2
Тюменская область,012022,1650,0,38,0
Ханты-Мансийский автономный округ –  Югра,012022,1517,2,3,0
Ямало-Ненецкий автономный округ,012022,431,0,6,0
Челябинская область,012022,3700,10,27,1
Алтайский край,012022,2945,7,31,1
Иркутская область,012022,2387,1,17,0
Кемеровская область – Кузбасс,012022,3177,0,17,0
Красноярский край,012022,3226,7,9,3
Новосибирская область,012022,2992,29,19,16
Омская область,012022,1572,8,5,2
Республика Алтай,012022,396,0,3,0
Республика Тыва,012022,395,1,2,1
Республика Хакасия,012022,716,1,12,0
Томская область,012022,1096,4,5,4
Амурская область,012022,1134,2,38,0
Еврейская автономная область,012022,148,1,3,0
Забайкальский край,012022,1430,4,12,0
Камчатский край,012022,408,5,7,2
Магаданская область,012022,168,0,1,0
Приморский край,012022,2035,21,45,10
Республика Бурятия,012022,1367,5,12,0
Республика Саха (Якутия),012022,819,0,2,0
Сахалинская область,012022,535,0,7,0
Хабаровский край,012022,1324,1,17,0
Чукотский автономный округ,012022,59,0,1,0
Транспорт России,012022,2966,0,32,131
УТ МВД по Южному ФО,012022,164,0,3,8
УТ МВД по Уральскому ФО,012022,357,0,6,10
УТ МВД по Центральному ФО,012022,444,0,2,29
УТ МВД по Приволжскому ФО,012022,472,0,4,15
УТ МВД по Сибирскому ФО,012022,317,0,4,27
УТ МВД по Северо-Западному ФО,012022,340,0,2,16
УТ МВД по Дальневосточному ФО,012022,264,0,2,7
УТ МВД по Северо-Кавказскому ФО,012022,348,0,2,10
Белгородская область,022021,2061,0,9,8
Брянская область,022021,2298,0,35,2
Владимирская область,022021,2293,0,25,0
Воронежская область,022021,4199,2,28,3
Ивановская область,022021,1772,1,6,0
Калужская область,022021,2293,1,34,0
Костромская область,022021,1232,0,1,0
Курская область,022021,2076,2,23,2
г. Москва,022021,21002,69,10,10
Московская область,022021,11024,1,12,1
Липецкая область,022021,1907,0,7,0
Орловская область,022021,1091,0,5,0
Рязанская область,022021,1380,0,17,1
Смоленская область,022021,1975,1,18,5
Тамбовская область,022021,2243,3,15,0
Тверская область,022021,2955,1,13,1
Тульская область,022021,2294,4,19,3
Ярославская область,022021,2153,1,6,0
Архангельская область,022021,2311,0,13,0
Ненецкий автономный округ,022021,108,0,14,0
г. Санкт-Петербург,022021,9847,11,8,11
Ленинградская область,022021,3648,0,7,3
Вологодская область,022021,2350,0,16,0
Калининградская область,022021,1709,0,14,3
Мурманская область,022021,1550,2,14,4
Новгородская  область,022021,1342,2,21,0
Псковская область,022021,1138,2,16,0
Республика Карелия,022021,1922,2,12,0
Республика Коми,022021,2087,0,19,0
Кабардино-Балкарская Республика,022021,1247,0,4,1
Карачаево-Черкесская Республика,022021,667,0,13,1
Республика Дагестан,022021,2588,0,29,9
Республика Ингушетия,022021,267,0,7,1
Республика Северная Осетия – Алания,022021,1388,0,44,0
Ставропольский край,022021,5096,0,4,5
Чеченская Республика,022021,578,2,6,0
Астраханская область,022021,2011,0,12,0
Волгоградская область,022021,5389,4,43,0
г. Севастополь,022021,762,0,11,0
Ростовская область,022021,8870,0,73,4
Краснодарский край,022021,11665,1,121,1
Республика Адыгея,022021,699,0,0,0
Республика Калмыкия,022021,411,0,4,0
Республика Крым,022021,3041,1,29,1
Кировская область,022021,2588,13,13,0
Нижегородская область,022021,6258,11,18,2
Оренбургская область,022021,4083,0,35,1
Пензенская область,022021,1913,0,12,0
Пермский край,022021,5725,15,51,2
Республика Татарстан,022021,8049,2,30,2
Республика Башкортостан,022021,7976,11,45,1
Республика Марий Эл,022021,970,6,44,0
Республика Мордовия,022021,1243,6,43,0
Самарская область,022021,6540,108,53,3
Саратовская область,022021,4608,66,7,0
Удмуртская Республика,022021,3995,6,12,1
Ульяновская область,022021,1754,12,6,2
Чувашская Республика,022021,1702,3,28,0
Курганская область,022021,1930,2,26,0
Свердловская область,022021,8075,3,51,4
Тюменская область,022021,3260,2,12,1
Ханты-Мансийский автономный округ –  Югра,022021,2833,2,17,0
Ямало-Ненецкий автономный округ,022021,1109,0,6,0
Челябинская область,022021,8152,22,84,0
Алтайский край,022021,5746,8,44,3
Иркутская область,022021,5044,1,25,0
Кемеровская область – Кузбасс,022021,6871,1,37,4
Красноярский край,022021,6556,12,60,2
Новосибирская область,022021,5955,48,44,5
Омская область,022021,3468,3,18,6
Республика Алтай,022021,767,0,8,0
Республика Тыва,022021,1189,2,9,0
Республика Хакасия,022021,1624,2,8,0
Томская область,022021,2219,0,15,2
Амурская область,022021,2435,4,42,0
Еврейская автономная область,022021,395,0,11,0
Забайкальский край,022021,2912,7,34,4
Камчатский край,022021,939,8,19,0
Магаданская область,022021,359,1,36,0
Приморский край,022021,4443,35,86,3
Республика Бурятия,022021,2759,28,24,0
Республика Саха (Якутия),022021,1665,0,1,0
Сахалинская область,022021,1189,4,14,1
Хабаровский край,022021,2925,1,22,0
Чукотский автономный округ,022021,103,0,9,0
Транспорт России,022021,5976,1,97,246
УТ МВД по Южному ФО,022021,296,0,6,9
УТ МВД по Уральскому ФО,022021,790,0,17,25
УТ МВД по Центральному ФО,022021,890,0,8,76
УТ МВД по Приволжскому ФО,022021,998,1,9,33
УТ МВД по Сибирскому ФО,022021,671,0,6,12
УТ МВД по Северо-Западному ФО,022021,705,0,10,47
УТ МВД по Дальневосточному ФО,022021,554,0,16,11
УТ МВД по Северо-Кавказскому ФО,022021,492,0,13,23
Белгородская область,022022,2134,0,18,3
Брянская область,022022,2394,1,30,6
Владимирская область,022022,2167,2,14,0
Воронежская область,022022,4519,2,18,2
Ивановская область,022022,1664,1,15,0
Калужская область,022022,2015,1,43,1
Костромская область,022022,1096,0,3,0
Курская область,022022,2166,0,16,5
г. Москва,022022,21615,29,12,11
Московская область,022022,10812,10,11,1
Липецкая область,022022,1822,0,14,1
Орловская область,022022,1209,1,3,0
Рязанская область,022022,1343,1,16,0
Смоленская область,022022,2006,2,24,1
Тамбовская область,022022,2167,3,9,0
Тверская область,022022,2672,1,27,0
Тульская область,022022,2086,2,10,1
Ярославская область,022022,2068,2,14,2
Архангельская область,022022,2340,1,47,0
Ненецкий автономный округ,022022,84,0,11,0
г. Санкт-Петербург,022022,8836,52,13,13
Ленинградская область,022022,3695,4,9,3
Вологодская область,022022,2337,2,7,4
Калининградская область,022022,1842,0,21,2
Мурманская область,022022,1684,0,26,3
Новгородская  область,022022,1259,4,11,0
Псковская область,022022,1207,7,23,1
Республика Карелия,022022,1880,3,16,3
Республика Коми,022022,2208,6,10,0
Кабардино-Балкарская Республика,022022,1104,0,5,0
Карачаево-Черкесская Республика,022022,689,0,11,0
Республика Дагестан,022022,2506,1,22,2
Республика Ингушетия,022022,280,0,5,0
Республика Северная Осетия – Алания,022022,1208,0,39,0
Ставропольский край,022022,5061,0,7,1
Чеченская Республика,022022,336,0,3,1
Астраханская область,022022,2125,0,21,0
Волгоградская область,022022,5558,12,21,0
г. Севастополь,022022,940,0,14,0
Ростовская область,022022,8552,0,50,0
Краснодарский край,022022,11848,3,123,3
Республика Адыгея,022022,730,1,13,0
Республика Калмыкия,022022,466,1,5,0
Республика Крым,022022,2938,1,40,3
Кировская область,022022,2398,30,45,0
Нижегородская область,022022,5806,11,17,0
Оренбургская область,022022,3302,5,96,1
Пензенская область,022022,1882,6,17,0
Пермский край,022022,5559,14,14,2
Республика Татарстан,022022,7745,1,24,2
Республика Башкортостан,022022,7287,22,32,2
Республика Марий Эл,022022,1075,2,9,0
Республика Мордовия,022022,1252,1,15,0
Самарская область,022022,6624,118,25,3
Саратовская область,022022,4240,15,27,0
Удмуртская Республика,022022,3617,3,18,0
Ульяновская область,022022,1730,9,8,0
Чувашская Республика,022022,1878,1,8,0
Курганская область,022022,1955,0,34,2
Свердловская область,022022,7792,6,37,2
Тюменская область,022022,3285,2,46,0
Ханты-Мансийский автономный округ –  Югра,022022,2895,2,23,0
Ямало-Ненецкий автономный округ,022022,954,0,12,0
Челябинская область,022022,8607,21,82,1
Алтайский край,022022,5850,9,45,4
Иркутская область,022022,4847,4,23,0
Кемеровская область – Кузбасс,022022,6592,15,52,3
Красноярский край,022022,6490,26,47,6
Новосибирская область,022022,5984,63,53,18
Омская область,022022,3180,14,27,3
Республика Алтай,022022,798,1,10,0
Республика Тыва,022022,830,5,3,1
Республика Хакасия,022022,1378,3,19,1
Томская область,022022,2213,9,17,5
Амурская область,022022,2131,8,69,0
Еврейская автономная область,022022,370,1,6,0
Забайкальский край,022022,2807,8,41,0
Камчатский край,022022,834,8,13,3
Магаданская область,022022,317,0,5,0
Приморский край,022022,4279,36,92,19
Республика Бурятия,022022,2770,18,26,0
Республика Саха (Якутия),022022,1686,0,9,0
Сахалинская область,022022,1089,3,19,0
Хабаровский край,022022,2683,0,25,9
Чукотский автономный округ,022022,126,0,8,0
Транспорт России,022022,5660,0,92,302
УТ МВД по Южному ФО,022022,264,0,5,15
УТ МВД по Уральскому ФО,022022,668,0,14,23
УТ МВД по Центральному ФО,022022,846,0,3,50
УТ МВД по Приволжскому ФО,022022,1036,0,19,79
УТ МВД по Сибирскому ФО,022022,631,0,8,42
УТ МВД по Северо-Западному ФО,022022,669,0,8,39
УТ МВД по Дальневосточному ФО,022022,537,0,6,19
УТ МВД по Северо-Кавказскому ФО,022022,552,0,16,22
Белгородская область,032021,3380,0,16,7
Брянская область,032021,3577,0,49,2
Владимирская область,032021,3757,1,50,0
Воронежская область,032021,6732,2,60,3
Ивановская область,032021,2803,2,8,0
Калужская область,032021,3854,3,58,0
Костромская область,032021,1946,0,1,0
Курская область,032021,3227,2,27,6
г. Москва,032021,35358,96,21,14
Московская область,032021,17846,5,32,1
Липецкая область,032021,3036,0,16,0
Орловская область,032021,1752,2,12,0
Рязанская область,032021,2209,0,24,3
Смоленская область,032021,3234,1,36,6
Тамбовская область,032021,3458,3,23,0
Тверская область,032021,4612,1,24,1
Тульская область,032021,3502,10,36,5
Ярославская область,032021,3506,3,12,0
Архангельская область,032021,3688,1,27,4
Ненецкий автономный округ,032021,177,0,19,0
г. Санкт-Петербург,032021,15487,18,32,16
Ленинградская область,032021,5900,4,16,3
Вологодская область,032021,3880,1,29,0
Калининградская область,032021,2716,1,32,3
Мурманская область,032021,2556,2,29,8
Новгородская  область,032021,2314,3,38,0
Псковская область,032021,1836,5,32,0
Республика Карелия,032021,2940,3,21,0
Республика Коми,032021,3277,0,30,0
Кабардино-Балкарская Республика,032021,1963,0,5,1
Карачаево-Черкесская Республика,032021,1148,0,21,1
Республика Дагестан,032021,4107,0,59,9
Республика Ингушетия,032021,512,0,11,1
Республика Северная Осетия – Алания,032021,2140,0,62,1
Ставропольский край,032021,8231,0,12,8
Чеченская Республика,032021,941,5,11,1
Астраханская область,032021,3389,1,22,0
Волгоградская область,032021,8578,3,65,0
г. Севастополь,032021,1260,0,27,0
Ростовская область,032021,13920,0,113,5
Краснодарский край,032021,18400,1,233,4
Республика Адыгея,032021,1109,0,0,0
Республика Калмыкия,032021,670,0,11,0
Республика Крым,032021,4923,1,49,8
Кировская область,032021,4308,29,26,0
Нижегородская область,032021,10159,16,33,3
Оренбургская область,032021,6374,2,68,1
Пензенская область,032021,3073,0,26,0
Пермский край,032021,8924,21,102,4
Республика Татарстан,032021,12875,4,43,4
Республика Башкортостан,032021,12728,21,81,2
Республика Марий Эл,032021,1537,9,53,0
Республика Мордовия,032021,1960,8,59,0
Самарская область,032021,10325,169,62,2
Саратовская область,032021,7378,89,17,0
Удмуртская Республика,032021,6332,12,30,1
Ульяновская область,032021,2771,20,10,2
Чувашская Республика,032021,2880,4,43,0
Курганская область,032021,3083,2,53,0
Свердловская область,032021,12889,6,68,5
Тюменская область,032021,5325,3,30,1
Ханты-Мансийский автономный округ –  Югра,032021,4670,10,23,0
Ямало-Ненецкий автономный округ,032021,1729,2,17,0
Челябинская область,032021,13789,34,145,6
Алтайский край,032021,9042,11,59,5
Иркутская область,032021,8419,2,39,1
Кемеровская область – Кузбасс,032021,11281,2,85,4
Красноярский край,032021,10416,27,116,3
Новосибирская область,032021,10673,69,86,10
Омская область,032021,5914,7,38,5
Республика Алтай,032021,1163,0,19,0
Республика Тыва,032021,2033,4,10,0
Республика Хакасия,032021,2593,2,10,0
Томская область,032021,3622,1,29,2
Амурская область,032021,3950,8,81,0
Еврейская автономная область,032021,684,0,12,0
Забайкальский край,032021,4870,14,79,4
Камчатский край,032021,1400,13,35,0
Магаданская область,032021,577,1,42,0
Приморский край,032021,7453,51,140,9
Республика Бурятия,032021,4641,42,47,0
Республика Саха (Якутия),032021,2770,1,5,0
Сахалинская область,032021,1947,7,20,1
Хабаровский край,032021,4838,2,28,0
Чукотский автономный округ,032021,165,0,18,0
Транспорт России,032021,9547,2,172,423
УТ МВД по Южному ФО,032021,454,0,24,19
УТ МВД по Уральскому ФО,032021,1178,0,22,57
УТ МВД по Центральному ФО,032021,1538,1,14,128
УТ МВД по Приволжскому ФО,032021,1641,1,12,44
УТ МВД по Сибирскому ФО,032021,1111,0,14,27
УТ МВД по Северо-Западному ФО,032021,1050,0,11,71
УТ МВД по Дальневосточному ФО,032021,862,0,25,12
УТ МВД по Северо-Кавказскому ФО,032021,836,0,19,32
Белгородская область,032022,3232,0,36,4
Брянская область,032022,3700,1,41,6
Владимирская область,032022,3500,3,28,0
Воронежская область,032022,6975,10,29,2
Ивановская область,032022,2675,3,27,0
Калужская область,032022,3377,4,64,1
Костромская область,032022,1758,0,4,0
Курская область,032022,3282,0,34,6
г. Москва,032022,34520,59,30,16
Московская область,032022,17629,17,40,2
Липецкая область,032022,2891,0,23,1
Орловская область,032022,1913,2,8,0
Рязанская область,032022,2113,1,25,1
Смоленская область,032022,3243,2,46,1
Тамбовская область,032022,3376,7,11,0
Тверская область,032022,4394,4,61,0
Тульская область,032022,3431,4,17,1
Ярославская область,032022,3419,4,19,2
Архангельская область,032022,3617,6,162,0
Ненецкий автономный округ,032022,154,0,12,0
г. Санкт-Петербург,032022,13941,92,29,19
Ленинградская область,032022,5970,22,15,15
Вологодская область,032022,3772,2,19,4
Калининградская область,032022,2867,1,37,2
Мурманская область,032022,2664,0,37,3
Новгородская  область,032022,2161,4,17,0
Псковская область,032022,1896,10,32,3
Республика Карелия,032022,2927,12,29,3
Республика Коми,032022,3319,9,19,0
Кабардино-Балкарская Республика,032022,1889,0,21,0
Карачаево-Черкесская Республика,032022,1160,0,24,0
Республика Дагестан,032022,4090,1,26,4
Республика Ингушетия,032022,512,0,22,0
Республика Северная Осетия – Алания,032022,1930,0,57,0
Ставропольский край,032022,7988,0,12,3
Чеченская Республика,032022,591,0,5,1
Астраханская область,032022,3187,3,32,0
Волгоградская область,032022,8451,15,28,0
г. Севастополь,032022,1496,0,26,1
Ростовская область,032022,13477,0,110,1
Краснодарский край,032022,18179,2,216,5
Республика Адыгея,032022,1093,2,25,0
Республика Калмыкия,032022,711,1,10,0
Республика Крым,032022,4634,1,53,3
Кировская область,032022,3703,41,61,0
Нижегородская область,032022,9322,16,30,1
Оренбургская область,032022,5128,8,125,1
Пензенская область,032022,2894,7,35,0
Пермский край,032022,9104,34,37,2
Республика Татарстан,032022,12309,4,34,4
Республика Башкортостан,032022,11575,31,88,6
Республика Марий Эл,032022,1745,3,19,0
Республика Мордовия,032022,1912,3,11,0
Самарская область,032022,10254,194,53,4
Саратовская область,032022,7160,37,59,0
Удмуртская Республика,032022,5571,5,30,0
Ульяновская область,032022,2736,14,10,0
Чувашская Республика,032022,2809,4,22,0
Курганская область,032022,3058,0,60,2
Свердловская область,032022,12027,7,66,2
Тюменская область,032022,5368,5,62,2
Ханты-Мансийский автономный округ –  Югра,032022,4567,3,28,0
Ямало-Ненецкий автономный округ,032022,1521,2,16,0
Челябинская область,032022,14056,30,161,2
Алтайский край,032022,8998,15,87,2
Иркутская область,032022,7961,4,39,0
Кемеровская область – Кузбасс,032022,10390,42,84,7
Красноярский край,032022,10213,70,91,10
Новосибирская область,032022,10070,83,86,24
Омская область,032022,5132,23,41,4
Республика Алтай,032022,1177,2,19,0
Республика Тыва,032022,1351,10,5,1
Республика Хакасия,032022,2154,6,26,1
Томская область,032022,3600,18,29,5
Амурская область,032022,3296,10,116,0
Еврейская автономная область,032022,601,1,11,0
Забайкальский край,032022,4486,12,60,0
Камчатский край,032022,1325,10,23,3
Магаданская область,032022,507,0,15,0
Приморский край,032022,7164,73,162,24
Республика Бурятия,032022,4471,27,54,0
Республика Саха (Якутия),032022,2675,0,17,0
Сахалинская область,032022,1759,3,25,0
Хабаровский край,032022,4300,2,36,9
Чукотский автономный округ,032022,214,0,16,0
Транспорт России,032022,8909,0,153,486
УТ МВД по Южному ФО,032022,442,0,8,24
УТ МВД по Уральскому ФО,032022,1009,0,20,31
УТ МВД по Центральному ФО,032022,1413,0,5,121
УТ МВД по Приволжскому ФО,032022,1561,0,23,125
УТ МВД по Сибирскому ФО,032022,1011,0,24,55
УТ МВД по Северо-Западному ФО,032022,1094,0,14,50
УТ МВД по Дальневосточному ФО,032022,812,0,18,18
УТ МВД по Северо-Кавказскому ФО,032022,825,0,18,39
Белгородская область,042021,4617,0,30,7
Брянская область,042021,4727,0,64,2
Владимирская область,042021,5091,2,74,2
Воронежская область,042021,9255,2,68,4
Ивановская область,042021,3732,2,16,0
Калужская область,042021,5114,3,87,0
Костромская область,042021,2666,0,2,0
Курская область,042021,4276,2,38,6
г. Москва,042021,48275,121,31,16
Московская область,042021,24624,6,45,3
Липецкая область,042021,4042,0,28,1
Орловская область,042021,2378,3,17,0
Рязанская область,042021,2897,0,31,3
Смоленская область,042021,4300,1,59,5
Тамбовская область,042021,4438,5,26,0
Тверская область,042021,6213,1,36,2
Тульская область,042021,4418,15,42,7
Ярославская область,042021,4868,5,17,0
Архангельская область,042021,4965,2,33,4
Ненецкий автономный округ,042021,223,0,27,0
г. Санкт-Петербург,042021,20070,25,42,20
Ленинградская область,042021,8162,4,21,3
Вологодская область,042021,5408,3,34,0
Калининградская область,042021,3747,1,40,3
Мурманская область,042021,3520,3,47,11
Новгородская  область,042021,3213,4,46,0
Псковская область,042021,2438,5,40,1
Республика Карелия,042021,4098,4,36,0
Республика Коми,042021,4392,0,39,0
Кабардино-Балкарская Республика,042021,2554,0,10,1
Карачаево-Черкесская Республика,042021,1474,0,29,1
Республика Дагестан,042021,5384,0,78,12
Республика Ингушетия,042021,664,0,15,2
Республика Северная Осетия – Алания,042021,2735,0,76,0
Ставропольский край,042021,11210,0,18,10
Чеченская Республика,042021,1247,5,15,1
Астраханская область,042021,4496,1,38,1
Волгоградская область,042021,11499,4,78,0
г. Севастополь,042021,1812,0,23,0
Ростовская область,042021,18857,0,155,9
Краснодарский край,042021,24893,2,307,4
Республика Адыгея,042021,1554,0,0,0
Республика Калмыкия,042021,903,0,14,0
Республика Крым,042021,6639,1,65,9
Кировская область,042021,5792,46,42,0
Нижегородская область,042021,13745,20,40,4
Оренбургская область,042021,8465,3,108,1
Пензенская область,042021,4231,0,36,0
Пермский край,042021,12642,31,155,1
Республика Татарстан,042021,17383,4,54,5
Республика Башкортостан,042021,17086,26,103,5
Республика Марий Эл,042021,2088,12,54,0
Республика Мордовия,042021,2664,9,75,0
Самарская область,042021,13929,236,85,3
Саратовская область,042021,9688,120,32,0
Удмуртская Республика,042021,8558,13,41,2
Ульяновская область,042021,3746,28,28,2
Чувашская Республика,042021,3947,4,60,0
Курганская область,042021,4155,4,85,0
Свердловская область,042021,17405,9,97,5
Тюменская область,042021,7371,4,50,2
Ханты-Мансийский автономный округ –  Югра,042021,6423,12,30,0
Ямало-Ненецкий автономный округ,042021,2345,2,19,0
Челябинская область,042021,19011,42,182,8
Алтайский край,042021,12352,13,78,4
Иркутская область,042021,11580,2,57,1
Кемеровская область – Кузбасс,042021,15277,2,139,3
Красноярский край,042021,14065,53,155,4
Новосибирская область,042021,14351,87,105,14
Омская область,042021,7967,7,56,8
Республика Алтай,042021,1540,0,27,0
Республика Тыва,042021,2792,9,14,0
Республика Хакасия,042021,3505,2,16,0
Томская область,042021,5005,1,32,3
Амурская область,042021,5421,8,115,0
Еврейская автономная область,042021,939,0,18,0
Забайкальский край,042021,6641,17,98,4
Камчатский край,042021,1886,15,46,0
Магаданская область,042021,781,1,44,1
Приморский край,042021,10312,72,218,23
Республика Бурятия,042021,6396,67,69,0
Республика Саха (Якутия),042021,3721,2,7,0
Сахалинская область,042021,2618,9,43,2
Хабаровский край,042021,6694,2,34,0
Чукотский автономный округ,042021,219,0,21,0
Транспорт России,042021,12550,2,253,582
УТ МВД по Южному ФО,042021,580,0,34,23
УТ МВД по Уральскому ФО,042021,1495,0,40,52
УТ МВД по Центральному ФО,042021,2142,1,19,209
УТ МВД по Приволжскому ФО,042021,2139,1,16,55
УТ МВД по Сибирскому ФО,042021,1464,0,24,37
УТ МВД по Северо-Западному ФО,042021,1365,0,15,100
УТ МВД по Дальневосточному ФО,042021,1132,0,41,18
УТ МВД по Северо-Кавказскому ФО,042021,1084,0,20,49
Белгородская область,042022,4267,0,45,4
Брянская область,042022,4655,3,44,11
Владимирская область,042022,4837,3,43,0
Воронежская область,042022,9587,13,42,2
Ивановская область,042022,3562,6,35,0
Калужская область,042022,4548,4,92,1
Костромская область,042022,2382,0,8,0
Курская область,042022,4386,1,49,9
г. Москва,042022,46452,94,56,23
Московская область,042022,23799,20,53,3
Липецкая область,042022,4050,0,28,2
Орловская область,042022,2545,2,12,0
Рязанская область,042022,2794,1,31,2
Смоленская область,042022,4328,5,58,2
Тамбовская область,042022,4414,12,21,0
Тверская область,042022,6062,3,94,2
Тульская область,042022,4639,5,39,6
Ярославская область,042022,4771,8,30,2
Архангельская область,042022,4898,10,68,0
Ненецкий автономный округ,042022,212,0,16,0
г. Санкт-Петербург,042022,19301,155,42,22
Ленинградская область,042022,8172,28,17,27
Вологодская область,042022,5209,2,28,4
Калининградская область,042022,3900,1,46,4
Мурманская область,042022,3496,5,53,6
Новгородская  область,042022,3111,5,24,0
Псковская область,042022,2705,16,49,5
Республика Карелия,042022,4011,12,48,9
Республика Коми,042022,4468,13,26,0
Кабардино-Балкарская Республика,042022,2427,0,25,0
Карачаево-Черкесская Республика,042022,1557,0,37,0
Республика Дагестан,042022,5243,1,43,6
Республика Ингушетия,042022,675,0,27,0
Республика Северная Осетия – Алания,042022,2615,0,65,0
Ставропольский край,042022,10863,0,16,4
Чеченская Республика,042022,760,0,11,1
Астраханская область,042022,4278,5,39,0
Волгоградская область,042022,11408,16,43,2
г. Севастополь,042022,2049,0,28,1
Ростовская область,042022,18338,3,157,2
Краснодарский край,042022,24525,2,291,8
Республика Адыгея,042022,1453,3,35,0
Республика Калмыкия,042022,903,2,12,0
Республика Крым,042022,6229,2,84,3
Кировская область,042022,5135,72,73,0
Нижегородская область,042022,12352,26,41,8
Оренбургская область,042022,6983,13,148,1
Пензенская область,042022,3837,13,62,0
Пермский край,042022,12376,44,52,1
Республика Татарстан,042022,16894,4,52,5
Республика Башкортостан,042022,15778,37,116,13
Республика Марий Эл,042022,2389,4,31,0
Республика Мордовия,042022,2462,5,21,0
Самарская область,042022,14063,272,89,6
Саратовская область,042022,9418,67,74,1
Удмуртская Республика,042022,7521,6,80,1
Ульяновская область,042022,3656,17,21,0
Чувашская Республика,042022,3697,4,31,0
Курганская область,042022,4002,0,76,2
Свердловская область,042022,16080,9,84,3
Тюменская область,042022,7339,5,72,2
Ханты-Мансийский автономный округ –  Югра,042022,6120,9,31,1
Ямало-Ненецкий автономный округ,042022,2064,2,24,0
Челябинская область,042022,19522,46,217,3
Алтайский край,042022,11999,15,115,2
Иркутская область,042022,10994,4,45,1
Кемеровская область – Кузбасс,042022,14207,63,100,11
Красноярский край,042022,13755,99,115,11
Новосибирская область,042022,13755,107,111,31
Омская область,042022,6981,29,65,7
Республика Алтай,042022,1594,2,23,0
Республика Тыва,042022,1920,11,11,2
Республика Хакасия,042022,2968,10,34,1
Томская область,042022,4922,21,40,5
Амурская область,042022,4540,12,137,0
Еврейская автономная область,042022,828,1,19,0
Забайкальский край,042022,6175,17,76,1
Камчатский край,042022,1758,13,31,3
Магаданская область,042022,675,0,26,0
Приморский край,042022,9860,106,210,29
Республика Бурятия,042022,6069,40,64,3
Республика Саха (Якутия),042022,3689,1,21,1
Сахалинская область,042022,2418,6,39,0
Хабаровский край,042022,5963,4,43,10
Чукотский автономный округ,042022,286,0,24,0
Транспорт России,042022,11905,0,196,639
УТ МВД по Южному ФО,042022,571,0,11,27
УТ МВД по Уральскому ФО,042022,1358,0,23,45
УТ МВД по Центральному ФО,042022,1878,0,8,134
УТ МВД по Приволжскому ФО,042022,2035,0,31,184
УТ МВД по Сибирскому ФО,042022,1382,0,33,64
УТ МВД по Северо-Западному ФО,042022,1529,0,18,77
УТ МВД по Дальневосточному ФО,042022,1040,0,18,20
УТ МВД по Северо-Кавказскому ФО,042022,1143,0,27,60
Белгородская область,052021,5625,2,37,7
Брянская область,052021,5799,5,80,2
Владимирская область,052021,6197,2,87,2
Воронежская область,052021,11530,2,71,6
Ивановская область,052021,4686,3,20,0
Калужская область,052021,6341,3,103,0
Костромская область,052021,3306,0,8,0
Курская область,052021,5363,3,39,6
г. Москва,052021,59425,148,35,20
Московская область,052021,30607,6,60,3
Липецкая область,052021,4952,0,32,2
Орловская область,052021,2973,5,30,0
Рязанская область,052021,3564,0,32,3
Смоленская область,052021,5337,4,68,6
Тамбовская область,052021,5516,5,28,1
Тверская область,052021,7784,1,46,2
Тульская область,052021,5468,18,50,7
Ярославская область,052021,6085,6,20,0
Архангельская область,052021,6276,3,35,6
Ненецкий автономный округ,052021,300,0,30,0
г. Санкт-Петербург,052021,24671,37,54,27
Ленинградская область,052021,10023,5,29,3
Вологодская область,052021,6785,6,40,0
Калининградская область,052021,4758,1,54,4
Мурманская область,052021,4413,3,66,13
Новгородская  область,052021,4110,5,49,0
Псковская область,052021,2985,6,53,1
Республика Карелия,052021,5206,6,44,1
Республика Коми,052021,5482,1,42,0
Кабардино-Балкарская Республика,052021,3096,0,12,1
Карачаево-Черкесская Республика,052021,1757,0,36,1
Республика Дагестан,052021,6411,0,93,12
Республика Ингушетия,052021,828,0,18,3
Республика Северная Осетия – Алания,052021,3329,0,82,0
Ставропольский край,052021,13915,0,21,12
Чеченская Республика,052021,1500,6,20,1
Астраханская область,052021,5594,1,53,2
Волгоградская область,052021,14257,4,92,0
г. Севастополь,052021,2224,0,20,0
Ростовская область,052021,23324,0,188,10
Краснодарский край,052021,30783,4,377,7
Республика Адыгея,052021,1854,0,42,0
Республика Калмыкия,052021,1156,0,22,0
Республика Крым,052021,8044,1,72,9
Кировская область,052021,7216,54,74,0
Нижегородская область,052021,16692,26,45,5
Оренбургская область,052021,10425,3,124,1
Пензенская область,052021,5296,1,52,0
Пермский край,052021,15595,43,190,2
Республика Татарстан,052021,21590,6,63,3
Республика Башкортостан,052021,21261,28,119,5
Республика Марий Эл,052021,2657,14,62,0
Республика Мордовия,052021,3279,10,86,0
Самарская область,052021,17391,308,115,3
Саратовская область,052021,12086,148,37,1
Удмуртская Республика,052021,10581,19,51,2
Ульяновская область,052021,4699,31,33,2
Чувашская Республика,052021,4908,6,67,0
Курганская область,052021,5270,5,99,0
Свердловская область,052021,21767,13,113,5
Тюменская область,052021,9282,6,71,6
Ханты-Мансийский автономный округ –  Югра,052021,8264,14,42,0
Ямало-Ненецкий автономный округ,052021,2942,4,26,0
Челябинская область,052021,24115,48,225,8
Алтайский край,052021,15447,18,109,7
Иркутская область,052021,14660,2,63,1
Кемеровская область – Кузбасс,052021,19114,2,169,4
Красноярский край,052021,17684,65,200,8
Новосибирская область,052021,18069,104,133,17
Омская область,052021,9843,7,70,10
Республика Алтай,052021,1860,0,31,0
Республика Тыва,052021,3517,10,14,0
Республика Хакасия,052021,4317,3,20,0
Томская область,052021,6347,1,38,4
Амурская область,052021,6939,10,147,0
Еврейская автономная область,052021,1133,0,21,0
Забайкальский край,052021,8286,22,138,4
Камчатский край,052021,2266,19,50,0
Магаданская область,052021,944,1,49,2
Приморский край,052021,13076,99,270,36
Республика Бурятия,052021,8182,79,82,1
Республика Саха (Якутия),052021,4650,2,10,0
Сахалинская область,052021,3223,10,56,1
Хабаровский край,052021,8532,2,39,0
Чукотский автономный округ,052021,294,0,24,0
Транспорт России,052021,15459,2,301,835
УТ МВД по Южному ФО,052021,684,0,40,30
УТ МВД по Уральскому ФО,052021,1816,0,51,57
УТ МВД по Центральному ФО,052021,2671,1,18,397
УТ МВД по Приволжскому ФО,052021,2695,1,21,65
УТ МВД по Сибирскому ФО,052021,1845,0,31,39
УТ МВД по Северо-Западному ФО,052021,1688,0,15,121
УТ МВД по Дальневосточному ФО,052021,1373,0,51,19
УТ МВД по Северо-Кавказскому ФО,052021,1309,0,28,53
Белгородская область,052022,5399,0,51,4
Брянская область,052022,5701,4,58,12
Владимирская область,052022,6045,3,56,0
Воронежская область,052022,12296,14,50,2
Ивановская область,052022,4522,7,44,0
Калужская область,052022,5659,6,118,1
Костромская область,052022,2994,0,10,0
Курская область,052022,5389,1,54,9
г. Москва,052022,57868,111,75,26
Московская область,052022,30114,24,66,3
Липецкая область,052022,5120,0,37,2
Орловская область,052022,3223,3,15,0
Рязанская область,052022,3522,1,42,3
Смоленская область,052022,5490,5,102,1
Тамбовская область,052022,5478,14,24,0
Тверская область,052022,8006,4,108,3
Тульская область,052022,5797,10,42,9
Ярославская область,052022,5941,10,38,2
Архангельская область,052022,6301,9,76,0
Ненецкий автономный округ,052022,263,0,16,0
г. Санкт-Петербург,052022,23967,202,49,23
Ленинградская область,052022,10381,33,18,28
Вологодская область,052022,6579,3,34,4
Калининградская область,052022,4991,1,51,4
Мурманская область,052022,4442,7,71,3
Новгородская  область,052022,4009,6,27,0
Псковская область,052022,3387,22,64,6
Республика Карелия,052022,4814,19,71,9
Республика Коми,052022,5658,18,33,0
Кабардино-Балкарская Республика,052022,3015,0,29,0
Карачаево-Черкесская Республика,052022,1955,0,46,0
Республика Дагестан,052022,6331,2,60,9
Республика Ингушетия,052022,831,0,29,0
Республика Северная Осетия – Алания,052022,3165,0,82,1
Ставропольский край,052022,13498,0,23,4
Чеченская Республика,052022,920,0,14,1
Астраханская область,052022,5359,6,49,0
Волгоградская область,052022,14399,21,60,2
г. Севастополь,052022,2533,0,31,1
Ростовская область,052022,23233,2,185,2
Краснодарский край,052022,30613,4,359,11
Республика Адыгея,052022,1823,3,40,0
Республика Калмыкия,052022,1127,2,19,0
Республика Крым,052022,7847,3,103,6
Кировская область,052022,6577,90,97,0
Нижегородская область,052022,15514,32,51,11
Оренбургская область,052022,8716,14,170,2
Пензенская область,052022,4806,17,77,0
Пермский край,052022,15528,62,64,2
Республика Татарстан,052022,21347,6,64,6
Республика Башкортостан,052022,19748,43,132,8
Республика Марий Эл,052022,2955,6,54,0
Республика Мордовия,052022,3055,7,22,0
Самарская область,052022,17827,335,111,5
Саратовская область,052022,11671,94,92,1
Удмуртская Республика,052022,9512,7,93,2
Ульяновская область,052022,4612,25,34,0
Чувашская Республика,052022,4727,6,38,0
Курганская область,052022,5154,1,103,2
Свердловская область,052022,20454,13,118,4
Тюменская область,052022,9418,8,78,2
Ханты-Мансийский автономный округ –  Югра,052022,7747,12,43,3
Ямало-Ненецкий автономный округ,052022,2576,3,32,0
Челябинская область,052022,24895,56,263,6
Алтайский край,052022,15129,18,130,2
Иркутская область,052022,13869,9,55,1
Кемеровская область – Кузбасс,052022,17771,79,146,11
Красноярский край,052022,17356,130,146,9
Новосибирская область,052022,17438,135,134,36
Омская область,052022,8684,37,78,3
Республика Алтай,052022,1956,3,26,0
Республика Тыва,052022,2510,14,13,2
Республика Хакасия,052022,3717,13,40,2
Томская область,052022,6437,26,55,5
Амурская область,052022,5923,17,162,1
Еврейская автономная область,052022,1055,1,29,0
Забайкальский край,052022,7904,23,102,1
Камчатский край,052022,2139,16,41,3
Магаданская область,052022,861,2,37,0
Приморский край,052022,12520,122,276,32
Республика Бурятия,052022,7774,54,74,3
Республика Саха (Якутия),052022,4672,1,30,0
Сахалинская область,052022,3030,6,51,0
Хабаровский край,052022,7746,5,54,11
Чукотский автономный округ,052022,347,0,26,0
Транспорт России,052022,14753,0,226,704
УТ МВД по Южному ФО,052022,672,0,15,32
УТ МВД по Уральскому ФО,052022,1688,0,25,61
УТ МВД по Центральному ФО,052022,2342,0,7,158
УТ МВД по Приволжскому ФО,052022,2601,0,34,157
УТ МВД по Сибирскому ФО,052022,1681,0,38,71
УТ МВД по Северо-Западному ФО,052022,1926,0,25,92
УТ МВД по Дальневосточному ФО,052022,1300,0,19,25
УТ МВД по Северо-Кавказскому ФО,052022,1386,0,30,68
Белгородская область,062021,6795,2,47,9
Брянская область,062021,6964,7,88,2
Владимирская область,062021,7521,3,97,2
Воронежская область,062021,13737,3,83,6
Ивановская область,062021,5655,3,38,1
Калужская область,062021,7650,4,135,0
Костромская область,062021,3995,1,8,0
Курская область,062021,6509,3,47,6
г. Москва,062021,71592,164,39,24
Московская область,062021,36838,7,72,6
Липецкая область,062021,5926,0,38,1
Орловская область,062021,3575,5,38,0
Рязанская область,062021,4239,0,38,6
Смоленская область,062021,6445,4,90,4
Тамбовская область,062021,6654,5,31,1
Тверская область,062021,9491,1,61,2
Тульская область,062021,6417,21,65,9
Ярославская область,062021,7299,6,28,0
Архангельская область,062021,7627,3,37,6
Ненецкий автономный округ,062021,353,0,39,0
г. Санкт-Петербург,062021,28842,42,61,25
Ленинградская область,062021,12449,5,41,3
Вологодская область,062021,8226,7,42,0
Калининградская область,062021,6044,4,63,8
Мурманская область,062021,5403,4,80,8
Новгородская  область,062021,5097,5,55,0
Псковская область,062021,3649,7,67,1
Республика Карелия,062021,6298,7,59,2
Республика Коми,062021,6753,1,49,0
Кабардино-Балкарская Республика,062021,3743,1,13,2
Карачаево-Черкесская Республика,062021,2125,0,40,1
Республика Дагестан,062021,7547,0,113,15
Республика Ингушетия,062021,1003,0,18,2
Республика Северная Осетия – Алания,062021,3972,0,101,0
Ставропольский край,062021,16689,0,23,14
Чеченская Республика,062021,1720,6,23,0
Астраханская область,062021,6811,1,62,3
Волгоградская область,062021,17728,5,113,0
г. Севастополь,062021,2655,0,26,0
Ростовская область,062021,27888,0,212,9
Краснодарский край,062021,36556,5,450,9
Республика Адыгея,062021,2067,2,48,0
Республика Калмыкия,062021,1393,1,22,0
Республика Крым,062021,9715,2,102,7
Кировская область,062021,8642,64,111,0
Нижегородская область,062021,20091,30,70,5
Оренбургская область,062021,12322,4,168,1
Пензенская область,062021,6419,2,83,0
Пермский край,062021,18705,55,227,3
Республика Татарстан,062021,25849,7,79,7
Республика Башкортостан,062021,25507,34,136,6
Республика Марий Эл,062021,3320,15,69,1
Республика Мордовия,062021,3966,11,104,0
Самарская область,062021,21031,374,141,3
Саратовская область,062021,14522,173,58,1
Удмуртская Республика,062021,12851,22,63,2
Ульяновская область,062021,5723,36,38,2
Чувашская Республика,062021,5891,8,75,0
Курганская область,062021,6401,5,118,0
Свердловская область,062021,26355,18,136,6
Тюменская область,062021,11354,7,105,7
Ханты-Мансийский автономный округ –  Югра,062021,10011,13,51,0
Ямало-Ненецкий автономный округ,062021,3587,4,32,0
Челябинская область,062021,29659,56,297,7
Алтайский край,062021,18677,22,121,6
Иркутская область,062021,17793,2,66,3
Кемеровская область – Кузбасс,062021,23565,3,211,3
Красноярский край,062021,21572,74,246,9
Новосибирская область,062021,22062,119,156,20
Омская область,062021,11924,7,110,12
Республика Алтай,062021,2212,0,34,0
Республика Тыва,062021,4229,10,19,0
Республика Хакасия,062021,5158,4,23,1
Томская область,062021,7848,1,48,6
Амурская область,062021,8426,14,171,0
Еврейская автономная область,062021,1393,0,28,0
Забайкальский край,062021,10023,28,161,4
Камчатский край,062021,2752,24,49,1
Магаданская область,062021,1116,2,51,3
Приморский край,062021,15974,118,336,41
Республика Бурятия,062021,9981,86,101,1
Республика Саха (Якутия),062021,5862,2,19,0
Сахалинская область,062021,4021,14,80,1
Хабаровский край,062021,10233,2,48,2
Чукотский автономный округ,062021,365,0,29,0
Транспорт России,062021,18576,2,384,955
УТ МВД по Южному ФО,062021,776,0,50,35
УТ МВД по Уральскому ФО,062021,2051,0,75,63
УТ МВД по Центральному ФО,062021,3254,1,19,439
УТ МВД по Приволжскому ФО,062021,3366,1,24,68
УТ МВД по Сибирскому ФО,062021,2278,0,39,46
УТ МВД по Северо-Западному ФО,062021,2000,0,21,144
УТ МВД по Дальневосточному ФО,062021,1618,0,64,24
УТ МВД по Северо-Кавказскому ФО,062021,1531,0,38,63
Белгородская область,062022,6587,1,62,4
Брянская область,062022,6771,6,66,12
Владимирская область,062022,7318,5,65,0
Воронежская область,062022,14963,19,59,2
Ивановская область,062022,5534,11,48,0
Калужская область,062022,6821,12,128,1
Костромская область,062022,3768,0,10,0
Курская область,062022,6517,1,62,9
г. Москва,062022,69851,133,88,32
Московская область,062022,36596,34,72,3
Липецкая область,062022,6184,0,43,2
Орловская область,062022,3940,5,21,0
Рязанская область,062022,4262,1,52,3
Смоленская область,062022,6753,6,125,1
Тамбовская область,062022,6652,15,35,0
Тверская область,062022,9706,8,123,3
Тульская область,062022,6776,11,56,10
Ярославская область,062022,7287,10,51,3
Архангельская область,062022,7575,9,88,1
Ненецкий автономный округ,062022,324,0,17,0
г. Санкт-Петербург,062022,28454,260,55,27
Ленинградская область,062022,13107,41,24,30
Вологодская область,062022,7975,6,44,4
Калининградская область,062022,6091,3,60,6
Мурманская область,062022,5401,12,92,3
Новгородская  область,062022,4937,6,30,0
Псковская область,062022,3991,23,78,7
Республика Карелия,062022,5738,21,75,9
Республика Коми,062022,6743,25,44,0
Кабардино-Балкарская Республика,062022,3541,1,33,0
Карачаево-Черкесская Республика,062022,2285,0,50,0
Республика Дагестан,062022,7614,2,66,9
Республика Ингушетия,062022,1039,0,38,0
Республика Северная Осетия – Алания,062022,3846,0,92,1
Ставропольский край,062022,16339,0,26,6
Чеченская Республика,062022,1085,0,16,1
Астраханская область,062022,6499,8,61,0
Волгоградская область,062022,17909,23,90,2
г. Севастополь,062022,3021,0,31,2
Ростовская область,062022,27894,4,249,4
Краснодарский край,062022,37171,5,469,12
Республика Адыгея,062022,2208,4,41,0
Республика Калмыкия,062022,1337,2,25,0
Республика Крым,062022,9595,3,134,8
Кировская область,062022,8046,107,109,0
Нижегородская область,062022,19080,36,60,16
Оренбургская область,062022,10483,17,197,2
Пензенская область,062022,6294,22,104,0
Пермский край,062022,19095,69,84,2
Республика Татарстан,062022,26145,6,74,5
Республика Башкортостан,062022,23904,51,180,8
Республика Марий Эл,062022,3579,9,63,0
Республика Мордовия,062022,3728,9,30,0
Самарская область,062022,22684,420,140,5
Саратовская область,062022,14130,111,112,1
Удмуртская Республика,062022,11718,10,118,2
Ульяновская область,062022,5602,24,36,0
Чувашская Республика,062022,5887,6,61,0
Курганская область,062022,6242,1,116,2
Свердловская область,062022,24786,13,136,6
Тюменская область,062022,11714,9,97,3
Ханты-Мансийский автономный округ –  Югра,062022,9790,14,58,3
Ямало-Ненецкий автономный округ,062022,3180,3,34,0
Челябинская область,062022,30345,70,313,9
Алтайский край,062022,18302,22,149,3
Иркутская область,062022,17031,9,61,0
Кемеровская область – Кузбасс,062022,21991,91,212,14
Красноярский край,062022,20901,156,179,16
Новосибирская область,062022,21744,159,155,43
Омская область,062022,10628,53,94,4
Республика Алтай,062022,2328,3,33,0
Республика Тыва,062022,3055,25,18,2
Республика Хакасия,062022,4487,24,49,2
Томская область,062022,8301,33,69,6
Амурская область,062022,7298,20,189,0
Еврейская автономная область,062022,1294,2,35,0
Забайкальский край,062022,9646,33,128,1
Камчатский край,062022,2593,24,46,3
Магаданская область,062022,1049,2,46,0
Приморский край,062022,15542,144,406,34
Республика Бурятия,062022,9622,65,88,3
Республика Саха (Якутия),062022,5803,0,51,1
Сахалинская область,062022,3819,6,70,0
Хабаровский край,062022,9736,5,56,11
Чукотский автономный округ,062022,407,0,30,0
Транспорт России,062022,17553,0,311,861
УТ МВД по Южному ФО,062022,787,0,31,58
УТ МВД по Уральскому ФО,062022,1961,0,35,74
УТ МВД по Центральному ФО,062022,2824,0,22,221
УТ МВД по Приволжскому ФО,062022,3159,0,39,157
УТ МВД по Сибирскому ФО,062022,2004,0,49,86
УТ МВД по Северо-Западному ФО,062022,2275,0,33,114
УТ МВД по Дальневосточному ФО,062022,1559,0,21,30
УТ МВД по Северо-Кавказскому ФО,062022,1593,0,36,73
Белгородская область,072021,7959,2,50,8
Брянская область,072021,8039,7,94,4
Владимирская область,072021,8731,4,116,2
Воронежская область,072021,16067,3,93,7
Ивановская область,072021,6583,4,44,1
Калужская область,072021,8767,4,157,0
Костромская область,072021,4674,1,10,0
Курская область,072021,7475,3,49,6
г. Москва,072021,82702,181,55,27
Московская область,072021,42441,8,90,9
Липецкая область,072021,6808,0,39,1
Орловская область,072021,4144,6,40,0
Рязанская область,072021,4885,1,41,6
Смоленская область,072021,7565,4,99,5
Тамбовская область,072021,7686,7,33,1
Тверская область,072021,11101,1,69,2
Тульская область,072021,7690,21,85,10
Ярославская область,072021,8469,7,36,0
Архангельская область,072021,8879,6,46,6
Ненецкий автономный округ,072021,422,0,53,0
г. Санкт-Петербург,072021,34190,49,71,28
Ленинградская область,072021,14656,5,50,3
Вологодская область,072021,9541,12,45,0
Калининградская область,072021,7112,4,73,12
Мурманская область,072021,6204,4,102,8
Новгородская  область,072021,5988,6,50,0
Псковская область,072021,4247,9,76,0
Республика Карелия,072021,7298,15,70,7
Республика Коми,072021,7898,2,54,0
Кабардино-Балкарская Республика,072021,4222,1,14,2
Карачаево-Черкесская Республика,072021,2471,0,51,1
Республика Дагестан,072021,8418,0,129,16
Республика Ингушетия,072021,1154,0,21,2
Республика Северная Осетия – Алания,072021,4503,0,111,1
Ставропольский край,072021,19530,1,27,17
Чеченская Республика,072021,1871,6,24,1
Астраханская область,072021,7847,1,65,4
Волгоградская область,072021,20811,7,137,0
г. Севастополь,072021,3130,0,32,0
Ростовская область,072021,32240,0,276,10
Краснодарский край,072021,42782,4,513,12
Республика Адыгея,072021,2356,3,54,0
Республика Калмыкия,072021,1621,1,22,0
Республика Крым,072021,11343,3,107,7
Кировская область,072021,10133,76,118,0
Нижегородская область,072021,23164,36,83,5
Оренбургская область,072021,14413,5,202,2
Пензенская область,072021,7495,5,95,0
Пермский край,072021,22154,60,239,5
Республика Татарстан,072021,30254,10,92,11
Республика Башкортостан,072021,29677,36,167,6
Республика Марий Эл,072021,3958,18,74,1
Республика Мордовия,072021,4588,12,121,0
Самарская область,072021,24648,434,161,3
Саратовская область,072021,16984,202,60,1
Удмуртская Республика,072021,15083,23,71,2
Ульяновская область,072021,6672,40,46,2
Чувашская Республика,072021,6843,10,77,0
Курганская область,072021,7465,5,152,0
Свердловская область,072021,30549,22,154,7
Тюменская область,072021,13183,8,115,7
Ханты-Мансийский автономный округ –  Югра,072021,11671,16,63,0
Ямало-Ненецкий автономный округ,072021,4108,6,32,0
Челябинская область,072021,35022,64,352,7
Алтайский край,072021,21873,23,138,3
Иркутская область,072021,20734,2,74,3
Кемеровская область – Кузбасс,072021,27804,6,235,3
Красноярский край,072021,25298,96,273,11
Новосибирская область,072021,25557,131,185,21
Омская область,072021,13772,7,131,15
Республика Алтай,072021,2572,0,36,0
Республика Тыва,072021,4946,12,19,0
Республика Хакасия,072021,6095,7,24,2
Томская область,072021,9237,1,57,5
Амурская область,072021,9933,23,199,0
Еврейская автономная область,072021,1624,0,29,0
Забайкальский край,072021,11631,30,179,5
Камчатский край,072021,3163,25,58,1
Магаданская область,072021,1289,3,55,3
Приморский край,072021,18684,143,384,44
Республика Бурятия,072021,11564,104,114,1
Республика Саха (Якутия),072021,6813,2,26,0
Сахалинская область,072021,4680,15,96,1
Хабаровский край,072021,12031,3,57,2
Чукотский автономный округ,072021,408,0,31,0
Транспорт России,072021,21405,2,428,1078
УТ МВД по Южному ФО,072021,898,0,54,46
УТ МВД по Уральскому ФО,072021,2347,0,79,70
УТ МВД по Центральному ФО,072021,3797,1,19,493
УТ МВД по Приволжскому ФО,072021,3822,1,29,79
УТ МВД по Сибирскому ФО,072021,2656,0,45,54
УТ МВД по Северо-Западному ФО,072021,2329,0,21,152
УТ МВД по Дальневосточному ФО,072021,1872,0,72,29
УТ МВД по Северо-Кавказскому ФО,072021,1735,0,45,76
Белгородская область,072022,7896,1,66,4
Брянская область,072022,7727,7,89,12
Владимирская область,072022,8540,6,78,0
Воронежская область,072022,17393,19,66,2
Ивановская область,072022,6564,12,59,0
Калужская область,072022,7996,21,139,1
Костромская область,072022,4420,0,11,0
Курская область,072022,7432,1,72,11
г. Москва,072022,80878,165,100,35
Московская область,072022,42366,41,86,3
Липецкая область,072022,7233,0,49,2
Орловская область,072022,4438,5,25,0
Рязанская область,072022,4943,1,59,3
Смоленская область,072022,7890,10,139,1
Тамбовская область,072022,7600,15,43,0
Тверская область,072022,11529,9,138,2
Тульская область,072022,8191,12,73,10
Ярославская область,072022,8812,11,57,3
Архангельская область,072022,8793,11,86,2
Ненецкий автономный округ,072022,364,0,18,0
г. Санкт-Петербург,072022,33742,315,62,29
Ленинградская область,072022,15798,46,28,30
Вологодская область,072022,9278,10,51,4
Калининградская область,072022,7045,26,80,7
Мурманская область,072022,6257,18,100,3
Новгородская  область,072022,5788,9,32,0
Псковская область,072022,4665,24,85,8
Республика Карелия,072022,6582,23,88,9
Республика Коми,072022,7808,27,45,0
Кабардино-Балкарская Республика,072022,4024,1,36,0
Карачаево-Черкесская Республика,072022,2570,0,53,0
Республика Дагестан,072022,8602,3,71,12
Республика Ингушетия,072022,1217,0,39,0
Республика Северная Осетия – Алания,072022,4487,0,103,4
Ставропольский край,072022,18962,0,38,8
Чеченская Республика,072022,1234,0,17,1
Астраханская область,072022,7469,9,68,1
Волгоградская область,072022,20556,24,123,2
г. Севастополь,072022,3536,0,33,4
Ростовская область,072022,32412,7,295,5
Краснодарский край,072022,43442,6,526,15
Республика Адыгея,072022,2469,4,40,0
Республика Калмыкия,072022,1557,2,29,0
Республика Крым,072022,11407,3,170,7
Кировская область,072022,9443,123,117,0
Нижегородская область,072022,22251,39,68,17
Оренбургская область,072022,12117,19,217,2
Пензенская область,072022,7269,27,116,0
Пермский край,072022,22423,76,98,3
Республика Татарстан,072022,30443,7,85,6
Республика Башкортостан,072022,27613,53,205,8
Республика Марий Эл,072022,4198,9,69,0
Республика Мордовия,072022,4264,12,45,0
Самарская область,072022,26622,491,162,7
Саратовская область,072022,16491,138,125,1
Удмуртская Республика,072022,13580,12,138,2
Ульяновская область,072022,6545,27,44,1
Чувашская Республика,072022,6800,7,105,0
Курганская область,072022,7124,1,138,2
Свердловская область,072022,28878,13,167,6
Тюменская область,072022,13609,12,105,5
Ханты-Мансийский автономный округ –  Югра,072022,11300,15,62,2
Ямало-Ненецкий автономный округ,072022,3653,4,34,0
Челябинская область,072022,35311,81,368,9
Алтайский край,072022,21565,57,175,3
Иркутская область,072022,19807,9,66,0
Кемеровская область – Кузбасс,072022,25882,102,237,15
Красноярский край,072022,24519,186,208,14
Новосибирская область,072022,25154,176,172,43
Омская область,072022,12443,63,112,3
Республика Алтай,072022,2664,3,43,0
Республика Тыва,072022,3629,26,27,2
Республика Хакасия,072022,5272,25,55,3
Томская область,072022,9817,46,76,5
Амурская область,072022,8689,24,221,0
Еврейская автономная область,072022,1546,7,42,0
Забайкальский край,072022,11139,45,146,1
Камчатский край,072022,2980,27,54,3
Магаданская область,072022,1215,3,52,0
Приморский край,072022,18070,157,445,38
Республика Бурятия,072022,11157,74,91,3
Республика Саха (Якутия),072022,6787,0,65,1
Сахалинская область,072022,4473,8,85,0
Хабаровский край,072022,11530,7,74,11
Чукотский автономный округ,072022,445,0,30,0
Транспорт России,072022,20018,0,424,961
УТ МВД по Южному ФО,072022,889,0,37,63
УТ МВД по Уральскому ФО,072022,2230,0,43,83
УТ МВД по Центральному ФО,072022,3233,0,94,240
УТ МВД по Приволжскому ФО,072022,3569,0,47,165
УТ МВД по Сибирскому ФО,072022,2337,0,51,91
УТ МВД по Северо-Западному ФО,072022,2592,0,39,137
УТ МВД по Дальневосточному ФО,072022,1814,0,26,41
УТ МВД по Северо-Кавказскому ФО,072022,1740,0,37,87
Белгородская область,082021,9125,3,73,11
Брянская область,082021,9101,8,109,5
Владимирская область,082021,9942,5,128,2
Воронежская область,082021,18527,4,102,8
Ивановская область,082021,7552,4,50,1
Калужская область,082021,10036,4,178,2
Костромская область,082021,5401,1,10,0
Курская область,082021,8613,3,57,7
г. Москва,082021,93677,203,62,30
Московская область,082021,48239,9,111,13
Липецкая область,082021,7781,0,40,2
Орловская область,082021,4788,6,42,0
Рязанская область,082021,5640,1,46,6
Смоленская область,082021,8671,8,113,6
Тамбовская область,082021,8791,7,36,1
Тверская область,082021,12889,1,79,3
Тульская область,082021,8798,25,109,12
Ярославская область,082021,9613,9,42,1
Архангельская область,082021,10195,6,59,7
Ненецкий автономный округ,082021,464,0,64,0
г. Санкт-Петербург,082021,39470,53,75,32
Ленинградская область,082021,16825,5,56,4
Вологодская область,082021,10922,15,49,0
Калининградская область,082021,8158,5,76,13
Мурманская область,082021,7109,4,116,9
Новгородская  область,082021,6733,7,62,0
Псковская область,082021,4883,18,85,1
Республика Карелия,082021,8433,20,82,7
Республика Коми,082021,9140,2,56,0
Кабардино-Балкарская Республика,082021,4794,1,17,2
Карачаево-Черкесская Республика,082021,2772,0,56,1
Республика Дагестан,082021,9371,0,135,17
Республика Ингушетия,082021,1301,0,22,2
Республика Северная Осетия – Алания,082021,5114,0,121,2
Ставропольский край,082021,22286,1,31,17
Чеченская Республика,082021,2049,6,25,1
Астраханская область,082021,8814,1,82,4
Волгоградская область,082021,23810,12,145,0
г. Севастополь,082021,3608,0,41,0
Ростовская область,082021,36747,0,319,10
Краснодарский край,082021,49513,4,602,18
Республика Адыгея,082021,2678,3,64,0
Республика Калмыкия,082021,1830,2,22,0
Республика Крым,082021,12994,3,118,7
Кировская область,082021,11508,101,134,1
Нижегородская область,082021,26145,41,85,6
Оренбургская область,082021,16476,6,226,3
Пензенская область,082021,8481,8,102,0
Пермский край,082021,25886,73,229,5
Республика Татарстан,082021,34516,10,103,10
Республика Башкортостан,082021,33665,39,231,8
Республика Марий Эл,082021,4523,22,77,1
Республика Мордовия,082021,5228,13,136,0
Самарская область,082021,28085,507,175,3
Саратовская область,082021,19284,221,76,1
Удмуртская Республика,082021,17337,25,92,3
Ульяновская область,082021,7583,44,48,4
Чувашская Республика,082021,7707,13,81,0
Курганская область,082021,8664,5,174,0
Свердловская область,082021,34625,25,174,10
Тюменская область,082021,15146,9,125,6
Ханты-Мансийский автономный округ –  Югра,082021,13156,17,68,0
Ямало-Ненецкий автономный округ,082021,4592,6,32,0
Челябинская область,082021,40609,69,385,8
Алтайский край,082021,25222,28,175,3
Иркутская область,082021,24082,2,92,3
Кемеровская область – Кузбасс,082021,31792,8,297,3
Красноярский край,082021,29200,124,293,13
Новосибирская область,082021,29461,144,201,22
Омская область,082021,15651,7,145,15
Республика Алтай,082021,2942,0,38,0
Республика Тыва,082021,5609,13,21,0
Республика Хакасия,082021,7003,8,24,2
Томская область,082021,10445,1,63,5
Амурская область,082021,11476,24,215,4
Еврейская автономная область,082021,1910,0,31,0
Забайкальский край,082021,13305,31,194,5
Камчатский край,082021,3587,26,71,1
Магаданская область,082021,1498,3,63,5
Приморский край,082021,21446,156,450,40
Республика Бурятия,082021,13285,113,133,1
Республика Саха (Якутия),082021,7727,2,26,0
Сахалинская область,082021,5321,14,112,2
Хабаровский край,082021,13903,6,69,2
Чукотский автономный округ,082021,452,0,36,0
Транспорт России,082021,24009,2,466,1188
УТ МВД по Южному ФО,082021,1041,0,57,51
УТ МВД по Уральскому ФО,082021,2571,0,79,66
УТ МВД по Центральному ФО,082021,4316,1,19,548
УТ МВД по Приволжскому ФО,082021,4249,1,32,88
УТ МВД по Сибирскому ФО,082021,2887,0,51,64
УТ МВД по Северо-Западному ФО,082021,2693,0,26,171
УТ МВД по Дальневосточному ФО,082021,2157,0,85,36
УТ МВД по Северо-Кавказскому ФО,082021,1912,0,46,80
Белгородская область,082022,9123,1,69,5
Брянская область,082022,8802,7,99,13
Владимирская область,082022,10019,6,88,0
Воронежская область,082022,19779,20,71,2
Ивановская область,082022,7551,14,77,0
Калужская область,082022,9443,21,155,1
Костромская область,082022,5043,2,12,0
Курская область,082022,8450,1,79,14
г. Москва,082022,92140,186,116,35
Московская область,082022,47885,47,95,3
Липецкая область,082022,8216,0,88,2
Орловская область,082022,5049,5,32,0
Рязанская область,082022,5666,1,75,3
Смоленская область,082022,9130,10,189,1
Тамбовская область,082022,8718,16,47,0
Тверская область,082022,13152,9,161,2
Тульская область,082022,9493,13,85,13
Ярославская область,082022,10291,12,62,1
Архангельская область,082022,10097,14,101,2
Ненецкий автономный округ,082022,414,0,18,0
г. Санкт-Петербург,082022,38506,372,67,31
Ленинградская область,082022,18157,55,38,30
Вологодская область,082022,10779,14,56,4
Калининградская область,082022,7970,27,95,5
Мурманская область,082022,7165,17,115,3
Новгородская  область,082022,6708,10,32,0
Псковская область,082022,5396,25,95,8
Республика Карелия,082022,7501,23,101,9
Республика Коми,082022,8984,27,50,0
Кабардино-Балкарская Республика,082022,4481,1,36,0
Карачаево-Черкесская Республика,082022,2873,0,66,0
Республика Дагестан,082022,9570,3,82,13
Республика Ингушетия,082022,1393,0,39,0
Республика Северная Осетия – Алания,082022,5231,1,108,6
Ставропольский край,082022,21863,0,41,8
Чеченская Республика,082022,1398,0,18,2
Астраханская область,082022,8428,10,82,1
Волгоградская область,082022,23293,24,136,2
г. Севастополь,082022,4103,1,38,4
Ростовская область,082022,36917,8,350,8
Краснодарский край,082022,49916,7,583,17
Республика Адыгея,082022,2855,4,48,0
Республика Калмыкия,082022,1785,2,30,0
Республика Крым,082022,13218,3,181,7
Кировская область,082022,10943,139,156,0
Нижегородская область,082022,25426,42,76,18
Оренбургская область,082022,13727,21,229,2
Пензенская область,082022,8406,29,131,1
Пермский край,082022,25826,97,110,3
Республика Татарстан,082022,34244,7,93,7
Республика Башкортостан,082022,31870,36,221,6
Республика Марий Эл,082022,4835,9,73,0
Республика Мордовия,082022,4839,14,54,0
Самарская область,082022,30638,557,187,5
Саратовская область,082022,18633,146,157,1
Удмуртская Республика,082022,15752,13,173,2
Ульяновская область,082022,7444,27,49,1
Чувашская Республика,082022,7736,8,114,0
Курганская область,082022,8149,1,172,2
Свердловская область,082022,33054,18,215,6
Тюменская область,082022,15610,16,126,5
Ханты-Мансийский автономный округ –  Югра,082022,12779,15,68,2
Ямало-Ненецкий автономный округ,082022,4142,4,36,0
Челябинская область,082022,40508,94,427,8
Алтайский край,082022,25102,98,197,3
Иркутская область,082022,22901,11,76,0
Кемеровская область – Кузбасс,082022,29787,127,262,16
Красноярский край,082022,28207,211,241,20
Новосибирская область,082022,29012,196,202,49
Омская область,082022,14250,70,144,9
Республика Алтай,082022,2948,4,49,0
Республика Тыва,082022,4244,31,29,3
Республика Хакасия,082022,5921,31,61,3
Томская область,082022,11484,48,95,5
Амурская область,082022,10108,36,244,0
Еврейская автономная область,082022,1788,9,48,0
Забайкальский край,082022,13099,51,154,1
Камчатский край,082022,3455,29,70,3
Магаданская область,082022,1367,3,66,0
Приморский край,082022,20626,168,511,49
Республика Бурятия,082022,12810,91,110,3
Республика Саха (Якутия),082022,7872,1,70,1
Сахалинская область,082022,5154,11,109,0
Хабаровский край,082022,13450,7,87,11
Чукотский автономный округ,082022,500,0,33,0
Транспорт России,082022,22581,0,480,1040
УТ МВД по Южному ФО,082022,982,0,38,73
УТ МВД по Уральскому ФО,082022,2510,0,49,87
УТ МВД по Центральному ФО,082022,3663,0,99,269
УТ МВД по Приволжскому ФО,082022,4031,0,52,175
УТ МВД по Сибирскому ФО,082022,2668,0,64,95
УТ МВД по Северо-Западному ФО,082022,2901,0,44,145
УТ МВД по Дальневосточному ФО,082022,2032,0,28,43
УТ МВД по Северо-Кавказскому ФО,082022,1930,0,44,97
Белгородская область,092021,10194,3,86,12
Брянская область,092021,10112,9,129,4
Владимирская область,092021,11137,5,144,2
Воронежская область,092021,20885,4,114,8
Ивановская область,092021,8404,4,54,1
Калужская область,092021,11178,4,196,2
Костромская область,092021,6103,1,10,0
Курская область,092021,9747,4,60,9
г. Москва,092021,104760,220,75,33
Московская область,092021,53635,15,128,13
Липецкая область,092021,8890,0,48,2
Орловская область,092021,5376,6,42,0
Рязанская область,092021,6338,1,57,7
Смоленская область,092021,9719,9,129,7
Тамбовская область,092021,9840,8,42,1
Тверская область,092021,14413,1,96,3
Тульская область,092021,10024,26,120,14
Ярославская область,092021,11160,10,46,1
Архангельская область,092021,11505,7,65,8
Ненецкий автономный округ,092021,518,2,62,0
г. Санкт-Петербург,092021,44068,66,75,35
Ленинградская область,092021,18974,8,59,7
Вологодская область,092021,12275,15,60,0
Калининградская область,092021,9198,5,85,14
Мурманская область,092021,7886,4,130,13
Новгородская  область,092021,7544,7,68,0
Псковская область,092021,5779,23,88,3
Республика Карелия,092021,9434,27,98,10
Республика Коми,092021,10282,7,59,0
Кабардино-Балкарская Республика,092021,5324,1,18,2
Карачаево-Черкесская Республика,092021,3072,0,62,1
Республика Дагестан,092021,10422,0,146,18
Республика Ингушетия,092021,1459,0,28,2
Республика Северная Осетия – Алания,092021,5722,0,137,4
Ставропольский край,092021,25067,0,38,19
Чеченская Республика,092021,2227,6,25,1
Астраханская область,092021,9824,1,92,6
Волгоградская область,092021,26863,17,162,0
г. Севастополь,092021,4270,0,43,0
Ростовская область,092021,41318,0,339,11
Краснодарский край,092021,55719,5,673,20
Республика Адыгея,092021,2961,3,76,0
Республика Калмыкия,092021,2042,2,24,0
Республика Крым,092021,14552,3,132,10
Кировская область,092021,12879,124,128,1
Нижегородская область,092021,29278,46,82,17
Оренбургская область,092021,18438,8,252,4
Пензенская область,092021,9429,13,116,0
Пермский край,092021,29003,81,249,5
Республика Татарстан,092021,38616,12,111,10
Республика Башкортостан,092021,37880,40,246,7
Республика Марий Эл,092021,5024,22,81,1
Республика Мордовия,092021,6000,15,164,0
Самарская область,092021,31451,549,200,3
Саратовская область,092021,21537,228,88,2
Удмуртская Республика,092021,19438,27,101,3
Ульяновская область,092021,8480,45,50,4
Чувашская Республика,092021,8608,13,75,0
Курганская область,092021,10015,5,211,0
Свердловская область,092021,38852,28,189,13
Тюменская область,092021,17190,9,148,7
Ханты-Мансийский автономный округ –  Югра,092021,14661,20,81,0
Ямало-Ненецкий автономный округ,092021,5052,6,32,0
Челябинская область,092021,45780,77,425,9
Алтайский край,092021,28423,37,200,6
Иркутская область,092021,27167,2,98,3
Кемеровская область – Кузбасс,092021,35823,12,321,3
Красноярский край,092021,32859,143,317,14
Новосибирская область,092021,33215,166,214,25
Омская область,092021,17405,12,161,15
Республика Алтай,092021,3312,0,46,0
Республика Тыва,092021,6277,14,17,0
Республика Хакасия,092021,7879,12,27,1
Томская область,092021,11552,2,72,5
Амурская область,092021,12958,29,235,4
Еврейская автономная область,092021,2163,0,40,0
Забайкальский край,092021,14889,38,201,5
Камчатский край,092021,4116,28,77,1
Магаданская область,092021,1707,3,76,5
Приморский край,092021,24060,172,503,47
Республика Бурятия,092021,14869,116,145,1
Республика Саха (Якутия),092021,8763,2,30,0
Сахалинская область,092021,5985,16,132,7
Хабаровский край,092021,15623,6,89,2
Чукотский автономный округ,092021,510,1,44,0
Транспорт России,092021,26635,3,505,1252
УТ МВД по Южному ФО,092021,1153,0,61,54
УТ МВД по Уральскому ФО,092021,2758,0,80,69
УТ МВД по Центральному ФО,092021,4849,1,17,575
УТ МВД по Приволжскому ФО,092021,4769,1,34,91
УТ МВД по Сибирскому ФО,092021,3220,0,59,68
УТ МВД по Северо-Западному ФО,092021,2944,0,25,176
УТ МВД по Дальневосточному ФО,092021,2396,1,96,38
УТ МВД по Северо-Кавказскому ФО,092021,2110,0,53,89
Белгородская область,092022,10374,1,73,5
Брянская область,092022,9751,9,83,13
Владимирская область,092022,11163,5,96,0
Воронежская область,092022,22264,23,87,2
Ивановская область,092022,8268,15,80,0
Калужская область,092022,10478,26,170,1
Костромская область,092022,5673,3,16,0
Курская область,092022,9544,1,83,15
г. Москва,092022,102541,200,143,42
Московская область,092022,53985,57,103,4
Липецкая область,092022,9227,0,91,2
Орловская область,092022,5762,6,34,0
Рязанская область,092022,6445,2,80,3
Смоленская область,092022,10251,12,208,1
Тамбовская область,092022,9864,16,49,0
Тверская область,092022,14734,10,178,5
Тульская область,092022,10820,13,95,13
Ярославская область,092022,11831,13,66,1
Архангельская область,092022,11408,14,108,1
Ненецкий автономный округ,092022,449,0,18,0
г. Санкт-Петербург,092022,43263,401,72,36
Ленинградская область,092022,20445,60,43,31
Вологодская область,092022,12037,15,67,4
Калининградская область,092022,8908,28,109,5
Мурманская область,092022,8156,18,127,3
Новгородская  область,092022,7507,10,37,0
Псковская область,092022,5977,28,105,9
Республика Карелия,092022,8310,25,119,9
Республика Коми,092022,10087,27,56,0
Кабардино-Балкарская Республика,092022,5137,1,41,0
Карачаево-Черкесская Республика,092022,3202,0,72,0
Республика Дагестан,092022,10508,3,106,12
Республика Ингушетия,092022,1577,0,46,0
Республика Северная Осетия – Алания,092022,5809,1,106,8
Ставропольский край,092022,24540,0,36,9
Чеченская Республика,092022,1585,0,19,3
Астраханская область,092022,9329,10,91,1
Волгоградская область,092022,26041,27,157,2
г. Севастополь,092022,4611,1,42,4
Ростовская область,092022,41232,9,392,8
Краснодарский край,092022,56202,7,637,18
Республика Адыгея,092022,3102,4,56,0
Республика Калмыкия,092022,1952,2,30,0
Республика Крым,092022,15014,3,197,7
Кировская область,092022,12296,148,164,0
Нижегородская область,092022,28490,44,84,24
Оренбургская область,092022,15509,23,256,2
Пензенская область,092022,9342,35,145,1
Пермский край,092022,29230,105,128,4
Республика Татарстан,092022,38431,8,96,8
Республика Башкортостан,092022,36093,40,249,6
Республика Марий Эл,092022,5373,9,75,0
Республика Мордовия,092022,5529,18,60,0
Самарская область,092022,34501,648,218,6
Саратовская область,092022,20889,163,165,1
Удмуртская Республика,092022,17599,13,201,2
Ульяновская область,092022,8287,31,59,1
Чувашская Республика,092022,8638,8,141,0
Курганская область,092022,9224,1,205,2
Свердловская область,092022,37228,22,246,10
Тюменская область,092022,17380,18,147,5
Ханты-Мансийский автономный округ –  Югра,092022,14335,16,72,2
Ямало-Ненецкий автономный округ,092022,4629,4,37,0
Челябинская область,092022,45319,100,482,8
Алтайский край,092022,28122,113,207,3
Иркутская область,092022,25681,12,89,0
Кемеровская область – Кузбасс,092022,33367,145,289,15
Красноярский край,092022,31542,230,262,21
Новосибирская область,092022,32899,204,235,51
Омская область,092022,16000,76,182,5
Республика Алтай,092022,3257,4,52,0
Республика Тыва,092022,4816,34,31,5
Республика Хакасия,092022,6585,32,73,3
Томская область,092022,13120,51,122,5
Амурская область,092022,11366,37,272,0
Еврейская автономная область,092022,2037,10,55,0
Забайкальский край,092022,14603,55,160,1
Камчатский край,092022,3794,30,76,3
Магаданская область,092022,1557,3,81,0
Приморский край,092022,23009,186,599,53
Республика Бурятия,092022,14330,100,124,3
Республика Саха (Якутия),092022,8894,1,80,1
Сахалинская область,092022,5868,12,136,0
Хабаровский край,092022,15219,9,96,11
Чукотский автономный округ,092022,559,0,36,0
Транспорт России,092022,25301,0,519,1138
УТ МВД по Южному ФО,092022,1084,0,45,79
УТ МВД по Уральскому ФО,092022,2830,0,53,86
УТ МВД по Центральному ФО,092022,4180,0,102,297
УТ МВД по Приволжскому ФО,092022,4527,0,53,190
УТ МВД по Сибирскому ФО,092022,2976,0,75,106
УТ МВД по Северо-Западному ФО,092022,3213,0,44,166
УТ МВД по Дальневосточному ФО,092022,2286,0,33,47
УТ МВД по Северо-Кавказскому ФО,092022,2097,0,47,109
Белгородская область,102021,11350,4,93,11
Брянская область,102021,11320,9,137,4
Владимирская область,102021,12851,6,149,2
Воронежская область,102021,23885,5,117,8
Ивановская область,102021,9342,5,59,1
Калужская область,102021,12482,4,212,1
Костромская область,102021,6957,1,10,0
Курская область,102021,10799,5,63,12
г. Москва,102021,116624,236,93,33
Московская область,102021,60020,20,141,14
Липецкая область,102021,10369,0,64,2
Орловская область,102021,6310,7,47,1
Рязанская область,102021,7234,2,64,7
Смоленская область,102021,11049,10,144,8
Тамбовская область,102021,10908,8,43,1
Тверская область,102021,16019,1,112,3
Тульская область,102021,11510,26,132,16
Ярославская область,102021,12913,11,50,1
Архангельская область,102021,12997,12,71,8
Ненецкий автономный округ,102021,580,2,63,0
г. Санкт-Петербург,102021,51403,82,80,31
Ленинградская область,102021,22002,10,65,6
Вологодская область,102021,13606,15,66,0
Калининградская область,102021,10342,5,102,21
Мурманская область,102021,9179,4,145,14
Новгородская  область,102021,8331,9,72,0
Псковская область,102021,6500,25,95,4
Республика Карелия,102021,10660,33,104,9
Республика Коми,102021,11691,8,66,0
Кабардино-Балкарская Республика,102021,5801,1,19,3
Карачаево-Черкесская Республика,102021,3408,0,69,1
Республика Дагестан,102021,11734,0,160,17
Республика Ингушетия,102021,1631,0,32,2
Республика Северная Осетия – Алания,102021,6508,0,164,7
Ставропольский край,102021,28065,2,38,20
Чеченская Республика,102021,2347,6,29,1
Астраханская область,102021,10853,2,189,6
Волгоградская область,102021,30282,19,187,0
г. Севастополь,102021,4852,0,41,0
Ростовская область,102021,47081,0,382,12
Краснодарский край,102021,63080,7,711,26
Республика Адыгея,102021,3226,3,84,0
Республика Калмыкия,102021,2326,3,29,0
Республика Крым,102021,16414,3,133,11
Кировская область,102021,14560,138,156,1
Нижегородская область,102021,33045,47,89,16
Оренбургская область,102021,20399,8,270,5
Пензенская область,102021,10408,19,143,1
Пермский край,102021,32329,104,273,8
Республика Татарстан,102021,42563,12,119,11
Республика Башкортостан,102021,42632,45,259,7
Республика Марий Эл,102021,5709,22,82,1
Республика Мордовия,102021,6803,17,182,0
Самарская область,102021,34838,613,225,4
Саратовская область,102021,23607,240,87,2
Удмуртская Республика,102021,21567,27,107,3
Ульяновская область,102021,9545,49,60,4
Чувашская Республика,102021,9583,14,86,0
Курганская область,102021,11335,5,234,0
Свердловская область,102021,43494,30,213,13
Тюменская область,102021,19267,12,150,9
Ханты-Мансийский автономный округ –  Югра,102021,16418,21,86,0
Ямало-Ненецкий автономный округ,102021,5535,6,39,0
Челябинская область,102021,51292,83,488,10
Алтайский край,102021,31753,47,257,8
Иркутская область,102021,30425,3,108,3
Кемеровская область – Кузбасс,102021,39919,13,352,6
Красноярский край,102021,36812,165,404,14
Новосибирская область,102021,37371,181,247,29
Омская область,102021,19385,9,177,16
Республика Алтай,102021,3680,0,47,0
Республика Тыва,102021,6981,17,18,1
Республика Хакасия,102021,8821,12,29,0
Томская область,102021,12883,7,85,7
Амурская область,102021,14339,30,262,4
Еврейская автономная область,102021,2462,0,47,0
Забайкальский край,102021,16451,43,212,5
Камчатский край,102021,4615,31,78,2
Магаданская область,102021,1917,4,88,6
Приморский край,102021,27440,181,551,48
Республика Бурятия,102021,16348,132,162,1
Республика Саха (Якутия),102021,9909,2,36,0
Сахалинская область,102021,6670,19,155,7
Хабаровский край,102021,17304,7,114,3
Чукотский автономный округ,102021,566,1,47,0
Транспорт России,102021,29211,2,530,1477
УТ МВД по Южному ФО,102021,1243,0,63,61
УТ МВД по Уральскому ФО,102021,3014,0,81,70
УТ МВД по Центральному ФО,102021,5334,1,17,725
УТ МВД по Приволжскому ФО,102021,5136,1,40,93
УТ МВД по Сибирскому ФО,102021,3598,0,65,89
УТ МВД по Северо-Западному ФО,102021,3242,0,27,197
УТ МВД по Дальневосточному ФО,102021,2688,0,96,57
УТ МВД по Северо-Кавказскому ФО,102021,2312,0,56,86
Белгородская область,102022,11678,1,86,4
Брянская область,102022,10791,9,100,14
Владимирская область,102022,12966,7,101,0
Воронежская область,102022,25131,26,102,3
Ивановская область,102022,9194,15,87,0
Калужская область,102022,11588,28,182,1
Костромская область,102022,6380,3,18,0
Курская область,102022,10630,1,89,15
г. Москва,102022,113853,216,160,50
Московская область,102022,60229,61,198,4
Липецкая область,102022,10961,0,101,2
Орловская область,102022,6605,7,37,0
Рязанская область,102022,7457,2,84,3
Смоленская область,102022,11753,12,235,6
Тамбовская область,102022,10936,16,55,0
Тверская область,102022,17481,10,189,5
Тульская область,102022,12340,14,105,13
Ярославская область,102022,14118,20,67,2
Архангельская область,102022,12697,16,122,1
Ненецкий автономный округ,102022,516,0,22,0
г. Санкт-Петербург,102022,48733,468,81,41
Ленинградская область,102022,23047,64,52,31
Вологодская область,102022,13555,16,70,5
Калининградская область,102022,10049,28,113,8
Мурманская область,102022,9376,21,137,3
Новгородская  область,102022,8326,10,42,0
Псковская область,102022,6708,31,115,9
Республика Карелия,102022,9437,26,134,9
Республика Коми,102022,11452,36,60,0
Кабардино-Балкарская Республика,102022,5766,1,47,0
Карачаево-Черкесская Республика,102022,3486,0,73,0
Республика Дагестан,102022,11558,3,126,13
Республика Ингушетия,102022,1751,0,51,0
Республика Северная Осетия – Алания,102022,6570,1,114,8
Ставропольский край,102022,27561,0,40,11
Чеченская Республика,102022,1719,0,21,4
Астраханская область,102022,10280,10,94,1
Волгоградская область,102022,29119,29,169,2
г. Севастополь,102022,5120,1,44,4
Ростовская область,102022,46246,10,434,9
Краснодарский край,102022,63180,7,707,20
Республика Адыгея,102022,3454,4,61,0
Республика Калмыкия,102022,2144,4,30,0
Республика Крым,102022,16920,3,216,7
Кировская область,102022,13904,166,184,0
Нижегородская область,102022,32096,49,92,25
Оренбургская область,102022,17268,25,282,2
Пензенская область,102022,10238,42,143,1
Пермский край,102022,32750,115,145,4
Республика Татарстан,102022,43056,9,113,16
Республика Башкортостан,102022,40654,39,268,5
Республика Марий Эл,102022,5976,9,81,0
Республика Мордовия,102022,6212,18,62,0
Самарская область,102022,38279,696,269,6
Саратовская область,102022,23341,179,183,1
Удмуртская Республика,102022,19859,14,201,2
Ульяновская область,102022,9320,36,67,1
Чувашская Республика,102022,9662,10,151,0
Курганская область,102022,10250,1,222,3
Свердловская область,102022,41606,29,269,9
Тюменская область,102022,19042,22,156,6
Ханты-Мансийский автономный округ –  Югра,102022,16125,19,80,3
Ямало-Ненецкий автономный округ,102022,5262,5,38,0
Челябинская область,102022,49983,105,528,13
Алтайский край,102022,31601,124,239,3
Иркутская область,102022,28910,14,94,0
Кемеровская область – Кузбасс,102022,36998,158,309,16
Красноярский край,102022,35189,253,292,21
Новосибирская область,102022,37513,214,262,57
Омская область,102022,18184,82,196,6
Республика Алтай,102022,3641,4,55,0
Республика Тыва,102022,5351,38,32,5
Республика Хакасия,102022,7465,33,80,3
Томская область,102022,14713,55,127,7
Амурская область,102022,12624,40,297,0
Еврейская автономная область,102022,2292,10,59,0
Забайкальский край,102022,16103,60,173,1
Камчатский край,102022,4218,33,77,3
Магаданская область,102022,1813,3,84,1
Приморский край,102022,25547,203,655,62
Республика Бурятия,102022,15774,114,134,3
Республика Саха (Якутия),102022,9924,0,85,1
Сахалинская область,102022,6537,13,154,1
Хабаровский край,102022,16928,10,110,6
Чукотский автономный округ,102022,622,0,37,0
Транспорт России,102022,27957,0,543,1209
УТ МВД по Южному ФО,102022,1186,0,46,83
УТ МВД по Уральскому ФО,102022,3103,0,53,89
УТ МВД по Центральному ФО,102022,4619,0,98,320
УТ МВД по Приволжскому ФО,102022,5001,0,61,198
УТ МВД по Сибирскому ФО,102022,3273,0,80,112
УТ МВД по Северо-Западному ФО,102022,3567,0,45,181
УТ МВД по Дальневосточному ФО,102022,2532,0,40,45
УТ МВД по Северо-Кавказскому ФО,102022,2287,0,47,116
Белгородская область,112021,12378,4,108,11
Брянская область,112021,12239,10,145,7
Владимирская область,112021,13970,7,157,2
Воронежская область,112021,25730,7,122,8
Ивановская область,112021,10198,5,66,3
Калужская область,112021,13598,5,227,1
Костромская область,112021,7548,1,8,0
Курская область,112021,11606,5,70,12
г. Москва,112021,127243,265,116,36
Московская область,112021,65308,29,162,14
Липецкая область,112021,11250,0,70,1
Орловская область,112021,6761,8,48,2
Рязанская область,112021,7960,3,73,7
Смоленская область,112021,11823,10,168,9
Тамбовская область,112021,11743,9,44,1
Тверская область,112021,17491,1,118,4
Тульская область,112021,12646,26,134,16
Ярославская область,112021,13988,11,54,1
Архангельская область,112021,14171,17,95,7
Ненецкий автономный округ,112021,623,2,68,0
г. Санкт-Петербург,112021,56651,163,90,32
Ленинградская область,112021,24149,15,75,6
Вологодская область,112021,14944,17,72,0
Калининградская область,112021,11359,5,106,21
Мурманская область,112021,10219,8,158,14
Новгородская  область,112021,9076,11,82,0
Псковская область,112021,7104,27,104,4
Республика Карелия,112021,11567,37,125,11
Республика Коми,112021,12806,18,82,0
Кабардино-Балкарская Республика,112021,6232,1,18,3
Карачаево-Черкесская Республика,112021,3689,0,84,1
Республика Дагестан,112021,12539,0,172,16
Республика Ингушетия,112021,1759,0,36,2
Республика Северная Осетия – Алания,112021,7014,0,175,8
Ставропольский край,112021,30382,3,43,21
Чеченская Республика,112021,2496,6,31,1
Астраханская область,112021,11835,2,205,6
Волгоградская область,112021,32752,27,198,0
г. Севастополь,112021,5274,0,47,0
Ростовская область,112021,50835,0,417,12
Краснодарский край,112021,67716,7,776,30
Республика Адыгея,112021,3523,3,95,0
Республика Калмыкия,112021,2526,3,31,0
Республика Крым,112021,17787,4,161,11
Кировская область,112021,15787,144,161,1
Нижегородская область,112021,35837,51,95,16
Оренбургская область,112021,21952,9,291,5
Пензенская область,112021,11258,20,140,1
Пермский край,112021,35033,111,294,9
Республика Татарстан,112021,46189,13,131,12
Республика Башкортостан,112021,46022,46,270,9
Республика Марий Эл,112021,6252,22,87,1
Республика Мордовия,112021,7144,18,197,0
Самарская область,112021,37744,668,231,3
Саратовская область,112021,25773,261,99,3
Удмуртская Республика,112021,23467,29,108,3
Ульяновская область,112021,10259,56,63,4
Чувашская Республика,112021,10466,14,92,0
Курганская область,112021,12287,5,249,0
Свердловская область,112021,47681,31,232,14
Тюменская область,112021,20911,14,156,9
Ханты-Мансийский автономный округ –  Югра,112021,18030,26,113,0
Ямало-Ненецкий автономный округ,112021,6039,6,42,0
Челябинская область,112021,56056,93,546,10
Алтайский край,112021,34374,55,281,10
Иркутская область,112021,33071,0,114,3
Кемеровская область – Кузбасс,112021,43200,20,398,16
Красноярский край,112021,40219,187,432,14
Новосибирская область,112021,40753,216,273,35
Омская область,112021,20819,52,190,17
Республика Алтай,112021,3975,0,63,0
Республика Тыва,112021,7495,22,19,1
Республика Хакасия,112021,9508,13,32,0
Томская область,112021,13987,24,87,10
Амурская область,112021,15646,33,287,5
Еврейская автономная область,112021,2616,0,50,0
Забайкальский край,112021,17918,46,223,5
Камчатский край,112021,5029,33,86,2
Магаданская область,112021,2097,4,98,7
Приморский край,112021,29752,193,599,53
Республика Бурятия,112021,17922,140,168,1
Республика Саха (Якутия),112021,10914,2,34,0
Сахалинская область,112021,7255,21,172,8
Хабаровский край,112021,18877,7,130,3
Чукотский автономный округ,112021,610,1,53,0
Транспорт России,112021,31357,2,597,1621
УТ МВД по Южному ФО,112021,1318,0,71,66
УТ МВД по Уральскому ФО,112021,3196,0,85,75
УТ МВД по Центральному ФО,112021,5831,1,16,809
УТ МВД по Приволжскому ФО,112021,5465,1,43,96
УТ МВД по Сибирскому ФО,112021,3855,0,80,97
УТ МВД по Северо-Западному ФО,112021,3502,0,28,213
УТ МВД по Дальневосточному ФО,112021,2872,0,107,64
УТ МВД по Северо-Кавказскому ФО,112021,2472,0,63,97
Белгородская область,112022,12802,1,89,4
Брянская область,112022,11628,9,110,14
Владимирская область,112022,14193,7,114,0
Воронежская область,112022,27107,29,110,3
Ивановская область,112022,10075,17,93,0
Калужская область,112022,12602,29,191,1
Костромская область,112022,6883,4,18,0
Курская область,112022,11452,2,103,16
г. Москва,112022,123633,231,184,57
Московская область,112022,65302,61,215,4
Липецкая область,112022,12037,1,103,2
Орловская область,112022,7036,10,41,0
Рязанская область,112022,8006,3,85,3
Смоленская область,112022,12703,12,261,6
Тамбовская область,112022,11915,17,57,0
Тверская область,112022,18479,17,203,5
Тульская область,112022,13506,15,114,13
Ярославская область,112022,15900,21,72,2
Архангельская область,112022,13984,17,129,1
Ненецкий автономный округ,112022,556,0,22,0
г. Санкт-Петербург,112022,54402,508,87,41
Ленинградская область,112022,25216,71,55,32
Вологодская область,112022,14887,16,75,5
Калининградская область,112022,10943,32,126,8
Мурманская область,112022,10346,22,147,3
Новгородская  область,112022,9126,10,43,1
Псковская область,112022,7337,32,121,10
Республика Карелия,112022,10204,27,156,9
Республика Коми,112022,12573,38,64,0
Кабардино-Балкарская Республика,112022,6134,1,51,0
Карачаево-Черкесская Республика,112022,3771,0,81,1
Республика Дагестан,112022,12355,3,132,15
Республика Ингушетия,112022,1895,0,53,0
Республика Северная Осетия – Алания,112022,7097,1,125,7
Ставропольский край,112022,29935,0,46,12
Чеченская Республика,112022,1893,0,24,5
Астраханская область,112022,11195,13,100,1
Волгоградская область,112022,31413,29,194,2
г. Севастополь,112022,5589,1,54,4
Ростовская область,112022,49709,12,468,9
Краснодарский край,112022,67592,7,741,24
Республика Адыгея,112022,3715,5,63,0
Республика Калмыкия,112022,2307,3,31,0
Республика Крым,112022,18259,3,237,7
Кировская область,112022,15227,179,199,0
Нижегородская область,112022,34952,58,92,26
Оренбургская область,112022,18733,28,303,2
Пензенская область,112022,11183,48,152,1
Пермский край,112022,35697,128,173,4
Республика Татарстан,112022,46961,9,131,16
Республика Башкортостан,112022,44039,45,285,5
Республика Марий Эл,112022,6536,14,84,0
Республика Мордовия,112022,6763,21,71,0
Самарская область,112022,40994,758,277,7
Саратовская область,112022,25158,179,194,1
Удмуртская Республика,112022,21655,16,226,2
Ульяновская область,112022,10065,37,69,1
Чувашская Республика,112022,10613,11,162,0
Курганская область,112022,11056,1,249,3
Свердловская область,112022,45358,34,306,10
Тюменская область,112022,20564,25,162,6
Ханты-Мансийский автономный округ –  Югра,112022,17699,22,90,2
Ямало-Ненецкий автономный округ,112022,5801,5,40,0
Челябинская область,112022,54306,117,564,15
Алтайский край,112022,34395,139,253,4
Иркутская область,112022,31673,15,103,0
Кемеровская область – Кузбасс,112022,40488,170,325,17
Красноярский край,112022,38468,287,313,21
Новосибирская область,112022,41040,245,290,63
Омская область,112022,19726,90,213,5
Республика Алтай,112022,3941,4,60,0
Республика Тыва,112022,5783,42,35,5
Республика Хакасия,112022,8061,34,86,3
Томская область,112022,15988,61,138,6
Амурская область,112022,13777,41,321,0
Еврейская автономная область,112022,2498,10,65,0
Забайкальский край,112022,17482,64,180,1
Камчатский край,112022,4665,38,87,3
Магаданская область,112022,1957,3,85,1
Приморский край,112022,28048,217,743,64
Республика Бурятия,112022,17247,127,156,3
Республика Саха (Якутия),112022,10945,2,91,1
Сахалинская область,112022,7113,13,208,1
Хабаровский край,112022,18496,11,129,6
Чукотский автономный округ,112022,694,0,39,0
Транспорт России,112022,30332,0,573,1273
УТ МВД по Южному ФО,112022,1243,0,49,90
УТ МВД по Уральскому ФО,112022,3348,0,58,86
УТ МВД по Центральному ФО,112022,4960,0,102,318
УТ МВД по Приволжскому ФО,112022,5463,0,58,220
УТ МВД по Сибирскому ФО,112022,3515,0,78,120
УТ МВД по Северо-Западному ФО,112022,3899,0,49,186
УТ МВД по Дальневосточному ФО,112022,2808,0,48,50
УТ МВД по Северо-Кавказскому ФО,112022,2480,0,49,136
Белгородская область,122021,13262,3,117,14
Брянская область,122021,13152,10,154,8
Владимирская область,122021,15145,8,164,2
Воронежская область,122021,28017,7,126,8
Ивановская область,122021,11025,6,55,3
Калужская область,122021,14788,20,234,2
Костромская область,122021,8169,1,11,0
Курская область,122021,12504,6,72,14
г. Москва,122021,140162,289,151,43
Московская область,122021,70515,35,195,14
Липецкая область,122021,11990,0,81,2
Орловская область,122021,7444,11,53,2
Рязанская область,122021,8402,4,89,8
Смоленская область,122021,12831,11,187,10
Тамбовская область,122021,12597,20,48,1
Тверская область,122021,19000,3,133,4
Тульская область,122021,14045,28,141,15
Ярославская область,122021,14882,10,55,1
Архангельская область,122021,15283,19,116,7
Ненецкий автономный округ,122021,654,2,145,0
г. Санкт-Петербург,122021,60129,222,99,33
Ленинградская область,122021,25592,20,79,6
Вологодская область,122021,16279,19,74,0
Калининградская область,122021,12447,14,114,21
Мурманская область,122021,11078,11,188,14
Новгородская  область,122021,9823,12,78,0
Псковская область,122021,7652,30,118,3
Республика Карелия,122021,12558,40,138,15
Республика Коми,122021,13803,25,84,0
Кабардино-Балкарская Республика,122021,6716,1,21,3
Карачаево-Черкесская Республика,122021,3951,0,93,1
Республика Дагестан,122021,13336,0,186,20
Республика Ингушетия,122021,1935,0,41,2
Республика Северная Осетия – Алания,122021,7553,0,180,9
Ставропольский край,122021,32910,3,52,22
Чеченская Республика,122021,2706,6,32,1
Астраханская область,122021,12835,2,211,6
Волгоградская область,122021,35542,33,194,0
г. Севастополь,122021,5834,0,50,0
Ростовская область,122021,55248,0,451,11
Краснодарский край,122021,74080,9,793,31
Республика Адыгея,122021,4051,5,98,0
Республика Калмыкия,122021,2714,3,38,0
Республика Крым,122021,19342,6,176,9
Кировская область,122021,17083,154,173,1
Нижегородская область,122021,38282,55,100,18
Оренбургская область,122021,23324,9,324,10
Пензенская область,122021,12067,27,148,1
Пермский край,122021,37849,122,298,10
Республика Татарстан,122021,50163,12,139,12
Республика Башкортостан,122021,49503,49,288,10
Республика Марий Эл,122021,6861,22,89,1
Республика Мордовия,122021,7631,20,208,0
Самарская область,122021,40734,723,241,3
Саратовская область,122021,27721,270,107,3
Удмуртская Республика,122021,25085,33,111,3
Ульяновская область,122021,11052,64,65,4
Чувашская Республика,122021,11388,15,101,0
Курганская область,122021,13042,7,264,0
Свердловская область,122021,51805,35,246,14
Тюменская область,122021,22663,14,166,8
Ханты-Мансийский автономный округ –  Югра,122021,19603,30,128,0
Ямало-Ненецкий автономный округ,122021,6538,6,44,0
Челябинская область,122021,61708,109,572,10
Алтайский край,122021,37208,60,291,11
Иркутская область,122021,36041,2,127,3
Кемеровская область – Кузбасс,122021,46879,22,417,20
Красноярский край,122021,43718,198,455,17
Новосибирская область,122021,44193,242,282,35
Омская область,122021,22182,50,191,15
Республика Алтай,122021,4245,0,68,0
Республика Тыва,122021,8065,32,21,1
Республика Хакасия,122021,10169,14,33,1
Томская область,122021,15342,49,95,7
Амурская область,122021,16791,36,300,5
Еврейская автономная область,122021,2855,1,56,0
Забайкальский край,122021,19529,51,231,6
Камчатский край,122021,5420,40,87,3
Магаданская область,122021,2273,4,105,7
Приморский край,122021,31948,205,661,57
Республика Бурятия,122021,19403,156,179,1
Республика Саха (Якутия),122021,11875,2,36,0
Сахалинская область,122021,7925,23,182,9
Хабаровский край,122021,20574,7,136,3
Чукотский автономный округ,122021,649,1,54,0
Транспорт России,122021,33249,2,616,1686
УТ МВД по Южному ФО,122021,1369,0,72,68
УТ МВД по Уральскому ФО,122021,3394,0,86,70
УТ МВД по Центральному ФО,122021,6260,1,18,840
УТ МВД по Приволжскому ФО,122021,5685,1,45,102
УТ МВД по Сибирскому ФО,122021,4096,0,82,104
УТ МВД по Северо-Западному ФО,122021,3801,0,27,220
УТ МВД по Дальневосточному ФО,122021,3006,0,115,66
УТ МВД по Северо-Кавказскому ФО,122021,2606,0,64,107
Белгородская область,122022,13796,2,112,4
Брянская область,122022,12498,10,114,13
Владимирская область,122022,15128,7,130,0
Воронежская область,122022,28905,30,117,3
Ивановская область,122022,10677,17,130,0
Калужская область,122022,13572,31,212,1
Костромская область,122022,7438,4,24,0
Курская область,122022,12299,1,108,16
г. Москва,122022,134486,244,233,66
Московская область,122022,70490,67,226,4
Липецкая область,122022,12834,1,106,2
Орловская область,122022,7504,12,54,0
Рязанская область,122022,8434,3,83,3
Смоленская область,122022,13562,12,271,7
Тамбовская область,122022,12787,17,60,0
Тверская область,122022,19628,21,221,6
Тульская область,122022,14453,19,122,15
Ярославская область,122022,17047,21,79,2
Архангельская область,122022,15094,16,140,0
Ненецкий автономный округ,122022,603,0,22,0
г. Санкт-Петербург,122022,59056,544,87,44
Ленинградская область,122022,27217,74,63,31
Вологодская область,122022,16040,16,77,5
Калининградская область,122022,11781,34,127,8
Мурманская область,122022,11162,22,189,3
Новгородская  область,122022,10034,11,45,1
Псковская область,122022,7912,33,134,10
Республика Карелия,122022,10938,30,166,9
Республика Коми,122022,13506,96,65,0
Кабардино-Балкарская Республика,122022,6499,1,49,1
Карачаево-Черкесская Республика,122022,4089,0,84,1
Республика Дагестан,122022,13034,3,166,14
Республика Ингушетия,122022,2048,0,53,0
Республика Северная Осетия – Алания,122022,7605,2,144,10
Ставропольский край,122022,32513,0,57,16
Чеченская Республика,122022,2046,0,26,2
Астраханская область,122022,12105,13,112,2
Волгоградская область,122022,33918,35,210,0
г. Севастополь,122022,6025,1,58,4
Ростовская область,122022,54190,14,520,10
Краснодарский край,122022,73099,8,768,24
Республика Адыгея,122022,4028,4,71,0
Республика Калмыкия,122022,2463,3,34,0
Республика Крым,122022,19326,3,251,7
Кировская область,122022,16497,185,299,0
Нижегородская область,122022,37354,64,80,24
Оренбургская область,122022,20205,28,328,1
Пензенская область,122022,12054,51,162,1
Пермский край,122022,38297,135,192,4
Республика Татарстан,122022,50635,8,133,17
Республика Башкортостан,122022,47657,48,296,5
Республика Марий Эл,122022,7035,14,84,0
Республика Мордовия,122022,7273,22,72,0
Самарская область,122022,44122,833,284,5
Саратовская область,122022,27143,190,209,1
Удмуртская Республика,122022,23328,17,229,2
Ульяновская область,122022,10909,41,73,1
Чувашская Республика,122022,11522,13,166,0
Курганская область,122022,11860,1,259,3
Свердловская область,122022,49209,34,329,11
Тюменская область,122022,22245,27,166,6
Ханты-Мансийский автономный округ –  Югра,122022,19144,23,99,2
Ямало-Ненецкий автономный округ,122022,6272,6,39,0
Челябинская область,122022,59142,128,610,15
Алтайский край,122022,37227,140,273,4
Иркутская область,122022,34469,14,123,0
Кемеровская область – Кузбасс,122022,43766,177,352,18
Красноярский край,122022,41885,316,371,26
Новосибирская область,122022,44368,268,293,52
Омская область,122022,21317,94,240,5
Республика Алтай,122022,4195,4,66,0
Республика Тыва,122022,6229,43,40,5
Республика Хакасия,122022,8589,34,87,3
Томская область,122022,17158,62,144,6
Амурская область,122022,14798,48,338,0
Еврейская автономная область,122022,2720,11,63,0
Забайкальский край,122022,18800,67,192,2
Камчатский край,122022,4992,42,88,3
Магаданская область,122022,2093,3,89,1
Приморский край,122022,30335,231,812,62
Республика Бурятия,122022,18707,128,165,3
Республика Саха (Якутия),122022,11978,0,103,2
Сахалинская область,122022,7690,10,249,2
Хабаровский край,122022,20033,12,137,6
Чукотский автономный округ,122022,747,0,41,0
Транспорт России,122022,32169,2,623,1373
УТ МВД по Южному ФО,122022,1287,0,52,98
УТ МВД по Уральскому ФО,122022,3552,0,64,89
УТ МВД по Центральному ФО,122022,5315,0,107,345
УТ МВД по Приволжскому ФО,122022,5808,2,66,225
УТ МВД по Сибирскому ФО,122022,3698,0,94,130
УТ МВД по Северо-Западному ФО,122022,4185,0,54,204
УТ МВД по Дальневосточному ФО,122022,2964,0,51,52
УТ МВД по Северо-Кавказскому ФО,122022,2585,0,50,148
